,store,sido,gungu,store_address,_merge
0,가경동점,충청북도,청주시,충청북도 청주시흥덕구 풍산로 103(복대동),both
1,가마점,충청북도,청주시,"충청북도 청주시서원구 남이면 청남로  1827-25, 1층",both
2,강서점,충청북도,청주시,충청북도 청주시흥덕구 가로수로1154 5-12(강서동),both
3,개신점,충청북도,청주시,충청북도 청주시서원구 장구봉로 130(개신동),both
4,고은점,충청북도,청주시,충청북도 청주시상당구 남일면 단재로 730-1,both
5,과학단지점,충청북도,청주시,충청북도 청주시청원구 오창읍 오창중앙로 94,both
6,미원점,충청북도,청주시,충청북도 청주시상당구 미원면 미원시내2길 19-3,both
7,복대점,충청북도,청주시,충청북도 청주시흥덕구 복대로199번길 3,both
8,봉명동점,충청북도,청주시,충청북도 청주시흥덕구 주현로25번길 20(봉명동),both
9,분평동점,충청북도,청주시,"충청북도 청주시서원구 분평동 청남로2005번길, 27",both
10,사창동점,충청북도,청주시,충청북도 청주시서원구 1순환로  698(사창동),both
11,수곡동점,충청북도,청주시,충청북도 청주시서원구 청남로  2092-1,both
12,영운동점,충청북도,청주시,충청북도 청주시상당구 영운로 34-1(영운동),both
13,우암점,충청북도,청주시,충청북도 청주시상당구 향군로 20(우암점),both
14,율량점,충청북도,청주시,충청북도 청주시청원구 공항로 114,both
15,청주용암점,충청북도,청주시,충청북도 청주시상당구 무농정로3번길 36(용암동),both
16,테크노점,충청북도,청주시,충청북도 청주시흥덕구 송절동 822,both
17,가남점,경기도,여주시,경기도 여주시 가남면 태평중앙1길 8-6,both
18,대신점,경기도,여주시,경기도 여주시 대신면 여양로 1456-4,both
19,산북점,경기도,여주시,경기도 여주시 산북면 상품로 99,both
20,상리점,경기도,여주시,경기도 여주시 여주읍 청심로 232,both
21,여주점,경기도,여주시,경기도 여주시 여흥로 97,both
22,오학점,경기도,여주시,"경기도 여주시 현암2길   28-11, 1층8호",both
23,이포점,경기도,여주시,경기도 여주시 금사면 이포로 60,both
24,가래비점,경기도,양주시,경기도 양주시 광적면 가납리 가래비길 24,both
25,고읍점,경기도,양주시,경기도 양주시 고읍남로39번길 77(광사동),both
26,덕정점,경기도,양주시,경기도 양주시 덕정길 23,both
27,백석점,경기도,양주시,경기도 양주시 백석읍 양주산성로 564-1,both
28,봉암리점,경기도,양주시,경기도 양주시 은현면 은현로 521,both
29,가수원점,대전광역시,서구,대전광역시 서구 가수원동 774-18,both
30,가장점,대전광역시,서구,대전광역시 서구 가장동 40-40,both
31,갈마점,대전광역시,서구,대전광역시 서구 갈마로 60(갈마동),both
32,관저1점,대전광역시,서구,대전광역시 서구 관저동 981 원앙쇼핑109호,both
33,관저2점,대전광역시,서구,대전광역시 서구 관저동 1137-1 구봉5단지상가 103호,both
34,괴정1점,대전광역시,서구,대전광역시 서구 괴정동 130-3,both
35,내동2점,대전광역시,서구,대전광역시 서구 내동 160-19,both
36,대전용문점,대전광역시,서구,대전광역시 서구 괴정동 425-16,both
37,도마점,대전광역시,서구,대전광역시 서구 도마1동 129-30,both
38,둔산1점,대전광역시,서구,대전광역시 서구 둔산동 1809  국화동성@상가 202호,both
39,둔산2점,대전광역시,서구,대전광역시 서구 둔산3동 1972번지,both
40,만년점,대전광역시,서구,대전광역시 서구 만년로16번길 27(만년동),both
41,샘머리점,대전광역시,서구,대전광역시 서구 둔산동 908 상록스토아 306,both
42,정림점,대전광역시,서구,대전광역시 서구 정림동 666번지,both
43,탄방점,대전광역시,서구,대전광역시 서구 탄방동 804,both
44,가양동점,서울특별시,강서구,"서울특별시 강서구 양천로51길 11, 1층 102호(가양동,신환빌딩)",both
45,강서구청점,서울특별시,강서구,"서울특별시 강서구 화곡로51길 7, 1층(화곡동,광성빌딩)",both
46,까치산점,서울특별시,강서구,서울특별시 강서구 화곡8동 342-7 1층 102,both
47,등촌제일점,서울특별시,강서구,서울특별시 강서구 등촌1동 641-12,both
48,발산동점,서울특별시,강서구,서울특별시 강서구 우장산로 9(내발산동),both
49,방화1점,서울특별시,강서구,"서울특별시 강서구 양천로11길 8 (방화동, 1층)",both
50,방화2점,서울특별시,강서구,"서울특별시 강서구 방화동로 116-1(방화동, 1층)",both
51,염창동점,서울특별시,강서구,서울특별시 강서구 공항대로65길 51. 1층(염창동),both
52,화곡1점,서울특별시,강서구,"서울특별시 강서구 월정로28길 24(화곡동, 1층)",both
53,가오점,대전광역시,동구,대전광역시 동구 가오동 533,both
54,대전터미널점,대전광역시,동구,대전광역시 동구 동서대로1695 106,both
55,비래가양점,대전광역시,동구,대전광역시 동구 가양2동 47-64,both
56,용운점,대전광역시,동구,대전광역시 동구 용운동 307-11,both
57,인동점(대전),대전광역시,동구,대전광역시 동구 인동 147-7,both
58,자양점,대전광역시,동구,대전광역시 동구 자양동 190-36,both
59,판암2점,대전광역시,동구,대전광역시 동구 판암동 234 6단지상가 101,both
60,홍도점,대전광역시,동구,대전광역시 동구 홍도동 72-32,both
61,가운점,경기도,남양주시,경기도 남양주시 가운로2길 63 가운동삼원프라자 105호,both
62,광릉내점,경기도,남양주시,경기도 남양주시 진접읍 광릉내로 83,both
63,금곡점,경기도,남양주시,경기도 남양주시 금곡로 49,both
64,남양주도곡점,경기도,남양주시,경기도 남양주시 와부읍 덕소로 194-14,both
65,마석점,경기도,남양주시,"경기도 남양주시 화도읍 비룡로 185-20, 210(삼진상가2층)",both
66,별내점,경기도,남양주시,경기도 남양주시 별내중앙로26 111호,both
67,오남리점,경기도,남양주시,경기도 남양주시 오남읍 진건오남로 626,both
68,장현점,경기도,남양주시,경기도 남양주시 진접읍 봉현로36번길 12,both
69,창현점,경기도,남양주시,경기도 남양주시 화도읍 창현로  60(신명상가 108호),both
70,천마점,경기도,남양주시,경기도 남양주시 화도읍 멋갓로28번길 36,both
71,퇴계원점,경기도,남양주시,경기도 남양주시 퇴계원면 경춘북로 520번길 4,both
72,평내점,경기도,남양주시,경기도 남양주시 경춘로 1302,both
73,가정지구1점,인천광역시,서구,인천광역시 서구 봉오재2로 37 104호,both
74,가좌3점,인천광역시,서구,인천광역시 서구 가석로156번길 23-1,both
75,검암경서점,인천광역시,서구,인천광역시 서구 검암동 643-2 우주프라자 104,both
76,불노지구점,인천광역시,서구,인천광역시 서구 검단로 842,both
77,신현점,인천광역시,서구,인천광역시 서구 원창로239번길 4(가정동),both
78,심곡점,인천광역시,서구,인천광역시 서구 심곡로 170 상가동 1층 103호,both
79,율도점,인천광역시,서구,인천광역시 서구 신현동 173-35,both
80,청라2점,인천광역시,서구,인천광역시 서구 청라루비로 144번길 6-6,both
81,한신점,인천광역시,서구,인천광역시 서구 서곶로 12 한신종합상가 208호,both
82,가평역전점,경기도,가평군,경기도 가평군 가평읍 굴다리길 13,both
83,가평점,경기도,가평군,경기도 가평군 가평읍 가화로 125-1,both
84,설악면점,경기도,가평군,경기도 가평군 설악면 신천 중앙로 131,both
85,현리점,경기도,가평군,"경기도 가평군 조종면  현창로 50, 1층",both
86,가흥점,경상북도,영주시,경상북도 영주시 가흥동 530 시영상가 나동 102호,both
87,부석점,경상북도,영주시,경상북도 영주시 부석면 소천리 381-7,both
88,순흥점,경상북도,영주시,경상북도 영주시 순흥면 읍내리 315-1,both
89,영주풍기점,경상북도,영주시,경상북도 영주시 풍기읍 풍기로 49-1,both
90,장수점,경상북도,영주시,경상북도 영주시 장수면 장수로 48,both
91,휴천점,경상북도,영주시,경상북도 영주시 휴천2동 303-21,both
92,각화주공점,광주광역시,북구,광주광역시 북구 각화동 202번지 주공@상가 107호,both
93,전대점,광주광역시,북구,"광주광역시 북구 서양로41번길 8, 1층(중흥동)",both
94,간성점,강원도,고성군,강원도 고성군 간성읍 간성로 45,both
95,거진점,강원도,고성군,강원도 고성군 거진읍 거탄진로 117,both
96,대진점,강원도,고성군,강원도 고성군 현내면 한나루로 112-1,both
97,송지호점,강원도,고성군,강원도 고성군 죽왕면 동해대로 5902,both
98,간현점,강원도,원주시,강원도 원주시 지정면 간현로 188,both
99,개운점,강원도,원주시,강원도 원주시 송림길 48-10(개운동),both
100,건등점,강원도,원주시,"강원도 원주시 문막읍 왕건로 96, 지하1층",both
101,구곡현대점,강원도,원주시,강원도 원주시 남원로 492-14(단구동1576-3),both
102,남부점,강원도,원주시,강원도 원주시 남원로 617-2(명륜동),both
103,단계점,강원도,원주시,강원도 원주시 원문로 85 1층(학성동),both
104,단계택지점,강원도,원주시,강원도 원주시 금불3길 34(단계동),both
105,단관점,강원도,원주시,강원도 원주시 단관길 163(관설동),both
106,단구점,강원도,원주시,강원도 원주시 치악로 1629 (단구동),both
107,도영점,강원도,원주시,강원도 원주시 남원로 527번길 6-34(명륜동),both
108,동보점,강원도,원주시,강원도 원주시 진광길 30(우산동),both
109,무실점,강원도,원주시,강원도 원주시 시청로 88-1  101호(무실동),both
110,문막점,강원도,원주시,강원도 원주시 문막읍 문막시장1길 55-2,both
111,봉산점,강원도,원주시,강원도 원주시 치악로 1867 (봉산동),both
112,부론점,강원도,원주시,강원도 원주시 부론면 법천시장길 66-11,both
113,삼광점,강원도,원주시,강원도 원주시 행구로 107,both
114,신림점(원주),강원도,원주시,강원도 원주시 신림면 신림황둔로 4,both
115,오크밸리점,강원도,원주시,강원도 원주시 지정면 오크밸리 2길 22,both
116,원동일산점,강원도,원주시,"강원도 원주시 무실로 96, 1층 (일산동)",both
117,원주역전점,강원도,원주시,강원도 원주시 원일로 208(학성동),both
118,자유점,강원도,원주시,"강원도 원주시 자유시장길 7, 22-3(중앙동)",both
119,장양리점,강원도,원주시,강원도 원주시 소초면 장막1길 7,both
120,진우점,강원도,원주시,강원도 원주시 현충로 272(태장동),both
121,태장점,강원도,원주시,강원도 원주시 북원로 2696(태장동),both
122,평원점,강원도,원주시,강원도 원주시 평원로 67(평원동),both
123,학성점,강원도,원주시,강원도 원주시 천사로 164(일산동),both
124,혁신점,강원도,원주시,강원도 원주시 건강로 17-3 (101),both
125,흥업점,강원도,원주시,강원도 원주시 흥업면 남원로 82,both
126,갈곶원동점,경기도,오산시,경기도 오산시 오산로 68(갈곶동),both
127,궐동대우점,경기도,오산시,경기도 오산시 청학로 173번길 18(수청동),both
128,남촌점,경기도,오산시,경기도 오산시 성호대로 24-1(오산동),both
129,오산1점,경기도,오산시,경기도 오산시 오산로 190번길 24,both
130,오산2점,경기도,오산시,경기도 오산시 오산로 226번길 18(원동),both
131,갈산점,인천광역시,부평구,인천광역시 부평구 갈산동 364-4,both
132,대우점,인천광역시,부평구,인천광역시 부평구 산곡동 26-44 1층,both
133,동암남점,인천광역시,부평구,인천광역시 부평구 경인로701번길 43 1층,both
134,부개주공점,인천광역시,부평구,"인천광역시 부평구 부개로 79, (부개동,부개택지개발1블럭)",both
135,부평남부점,인천광역시,부평구,인천광역시 부평구 부평6동 654-1,both
136,부평점,인천광역시,부평구,"인천광역시 부평구 부평문화로115 17, 1층(부평동)",both
137,삼산점,인천광역시,부평구,인천광역시 부평구 삼산동 201-3,both
138,십정점,인천광역시,부평구,인천광역시 부평구 배곶남로 18,both
139,일신점,인천광역시,부평구,인천광역시 부평구 일신동 111-4,both
140,청천2점,인천광역시,부평구,인천광역시 부평구 청천2동 11-35,both
141,갈산점(이천),경기도,이천시,"경기도 이천시 갈산로 81(갈산동, 102)",both
142,고담리점,경기도,이천시,경기도 이천시 대월면 대산로288번길 72,both
143,단월동점,경기도,이천시,경기도 이천시 단월로 29(단월동),both
144,모가점,경기도,이천시,경기도 이천시 모가면 진상미로 1257(성광주택),both
145,부발점,경기도,이천시,경기도 이천시 부발읍 무촌로 137,both
146,사동리점,경기도,이천시,경기도 이천시 대월면 사동로 162,both
147,설봉점,경기도,이천시,경기도 이천시 향교로 106(창전동),both
148,설성점,경기도,이천시,경기도 이천시 설성면 설장로 13(금성빌딩),both
149,신둔점,경기도,이천시,경기도 이천시 신둔면 경충대로 3172,both
150,이천중앙점,경기도,이천시,경기도 이천시 서희로 37(중리동),both
151,이천현대점,경기도,이천시,경기도 이천시 부발읍 경충대로2110번길 14,both
152,장호원점,경기도,이천시,경기도 이천시 장호원읍 샘재로147번길 26,both
153,갈산점(홍성),충청남도,홍성군,충청남도 홍성군 갈산면 상촌리 243,both
154,광천점,충청남도,홍성군,충청남도 홍성군 광천읍 광천리 244-7,both
155,내포1점,충청남도,홍성군,충청남도 홍성군 홍북면 애향2길 2,both
156,월산부영점,충청남도,홍성군,충청남도 홍성군 홍성읍 월산로30번길 6,both
157,홍성2점,충청남도,홍성군,충청남도 홍성군 홍성읍 조양로 190,both
158,홍성주공점,충청남도,홍성군,충청남도 홍성군 홍성읍 문화로72번길 92,both
159,감곡점,충청북도,음성군,충청북도 음성군 감곡면 장감로 142,both
160,금왕점,충청북도,음성군,충청북도 음성군 금왕읍 탑골길 18,both
161,대소점,충청북도,음성군,충청북도 음성군 대소면 오태로99번길 12-4,both
162,음성점,충청북도,음성군,충청북도 음성군 음성읍 시장로 95,both
163,감삼점,대구광역시,달서구,대구광역시 달서구 두류3동 630-1,both
164,대구신당점,대구광역시,달서구,대구광역시 달서구 신당동 1808-5,both
165,본리점,대구광역시,달서구,대구광역시 달서구 본리동 81-3번지,both
166,상인점,대구광역시,달서구,대구광역시 달서구 상인동 1474,both
167,서남점,대구광역시,달서구,대구광역시 달서구 감삼동 63-7,both
168,성당점,대구광역시,달서구,"대구광역시 달서구 장기로 97(성당동, 보람빌딩지하1층)",both
169,성서점,대구광역시,달서구,"대구광역시 달서구 이곡동 1194-2, 상가108호",both
170,송현점,대구광역시,달서구,대구광역시 달서구 송현동 798-23,both
171,와룡점,대구광역시,달서구,"대구광역시 달서구 이곡동로 32, 403-106(이곡동,성서와룡타운)",both
172,진천대곡점,대구광역시,달서구,대구광역시 달서구 상화로21길 49(진천동),both
173,강경점,충청남도,논산시,충청남도 논산시 강경읍 대흥리 19-3,both
174,논산2점,충청남도,논산시,충청남도 논산시 취암동 610-2,both
175,논산대교점,충청남도,논산시,충청남도 논산시 대교동 250-14,both
176,논산주공점,충청남도,논산시,"충청남도 논산시 논산대로 348번길 7, 상가-101(취암동,주공아파트)",both
177,연무대점,충청남도,논산시,충청남도 논산시 연무읍 안심로 127,both
178,강구점,경상북도,영덕군,경상북도 영덕군 강구면 강구리 453번지,both
179,영덕점,경상북도,영덕군,경상북도 영덕군 영덕읍 중앙길 120-3,both
180,영해점,경상북도,영덕군,경상북도 영덕군 영해면 성내리 470-31,both
181,강남구청점,서울특별시,강남구,서울특별시 강남구 삼성로119길 41. 1층(삼성동),both
182,개포2점,서울특별시,강남구,서울특별시 강남구 선릉로6길 12. 1층(개포동),both
183,개포3점,서울특별시,강남구,서울특별시 강남구 개포로22길 23. 지상1층(개포동),both
184,경복점,서울특별시,강남구,"서울특별시 강남구 봉은사로43길 8, 1층 102호(논현동)",both
185,논현동점,서울특별시,강남구,"서울특별시 강남구 강남대로128길 27(논현동, 지상1층 102호)",both
186,대치동점,서울특별시,강남구,서울특별시 강남구 남부순환로 2917 (1층 108호),both
187,삼성동점,서울특별시,강남구,"서울특별시 강남구 영동대로112길 61, 1층(삼성동)",both
188,세곡점,서울특별시,강남구,서울특별시 강남구 세곡동 124-2 1층 16,both
189,수서점,서울특별시,강남구,"서울특별시 강남구 광평로51길 49, 수서주공아파트상가112",both
190,영동아파트점,서울특별시,강남구,"서울특별시 강남구 역삼로64길 11, 1층(대치동)",both
191,진달래점,서울특별시,강남구,서울특별시 강남구 역삼동 779-9,both
192,강남대점,경기도,용인시,경기도 용인시기흥구 강남동로 114번길 22,both
193,고매리점,경기도,용인시,경기도 용인시기흥구 고매동 722-2,both
194,구성마북점,경기도,용인시,경기도 용인시기흥구 연원로 5(마북동),both
195,동문점,경기도,용인시,경기도 용인시수지구 수풍로 53(풍덕천동),both
196,동천동점,경기도,용인시,경기도 용인시수지구 고기로45번길 58 동문그린아파트 상가101호,both
197,둔전점,경기도,용인시,경기도 용인시처인구 금어로 2(유방동),both
198,마평리점,경기도,용인시,경기도 용인시처인구 금령로 129(마평동),both
199,모현점,경기도,용인시,경기도 용인시처인구 모현면 외대로 36,both
200,보라점,경기도,용인시,경기도 용인시기흥구 사은로 116,both
201,서천점(용인),경기도,용인시,"경기도 용인시기흥구 예현로35번길  서천동,1층",both
202,수지점,경기도,용인시,"경기도 용인시수지구 풍덕천로148번 6, 1층 102호",both
203,신갈점,경기도,용인시,경기도 용인시기흥구 신구로53번길  10-1(신갈동),both
204,역북점,경기도,용인시,경기도 용인시처인구 중부대로1299  12 ,both
205,용인구성점,경기도,용인시,경기도 용인시기흥구 구성로 176(언남동),both
206,전대리점,경기도,용인시,경기도 용인시처인구 포곡읍 전대로78번길 3-1,both
207,죽전점,경기도,용인시,"경기도 용인시수지구 대지로 62, 104(죽전동)",both
208,천리점,경기도,용인시,경기도 용인시처인구 이동면 백옥대로 623,both
209,강남점,대구광역시,동구,대구광역시 동구 신암로16길 2,both
210,대구송정점,대구광역시,동구,대구광역시 동구 반야월로 379(신서동),both
211,동촌점,대구광역시,동구,대구광역시 동구 검사동 960-170,both
212,불로점,대구광역시,동구,대구광역시 동구 불로동 1139-7,both
213,신천점,대구광역시,동구,대구광역시 동구 신천동 279-17,both
214,율하점,대구광역시,동구,대구광역시 동구 율하동로12길 12(율하동),both
215,강릉교동점,강원도,강릉시,강원도 강릉시 강릉대로 269 (교동),both
216,강릉대점,강원도,강릉시,강원도 강릉시  율곡초교길39번  23(교동),both
217,강릉서부점,강원도,강릉시,강원도 강릉시 임영로 170-3(임당동),both
218,강릉옥계점,강원도,강릉시,강원도 강릉시  옥계면 현내시장길 59,both
219,강릉옥천동점,강원도,강릉시,강원도 강릉시  경강로 2166,both
220,강릉유천점,강원도,강릉시,강원도 강릉시  선수촌로 63번길 5 우미린상가106,both
221,경포대점,강원도,강릉시,강원도 강릉시  해안로 501  ,both
222,내곡동점,강원도,강릉시,강원도 강릉시 관대길 70,both
223,노암점,강원도,강릉시,강원도 강릉시 노가니길 1(노암동),both
224,입암동점,강원도,강릉시,강원도 강릉시 성덕포남로 89-10,both
225,주문진점,강원도,강릉시,강원도 강릉시 주문진읍 주문로 117,both
226,포남동점,강원도,강릉시,강원도 강릉시  강릉대로527번 15,both
227,포남로얄점,강원도,강릉시,강원도 강릉시  경강로  2265(포남동),both
228,강북점,대구광역시,북구,대구광역시 북구 읍내동 803-1,both
229,관음점,대구광역시,북구,대구광역시 북구 관음동 1319-11,both
230,산격점,대구광역시,북구,대구광역시 북구 산격동 1232-3,both
231,서변점,대구광역시,북구,대구광역시 북구 서변동 1738-14,both
232,칠곡2점,대구광역시,북구,대구광역시 북구 구암동 674-4,both
233,칠성점,대구광역시,북구,"대구광역시 북구 칠성로15길  8, 1층",both
234,침산점,대구광역시,북구,대구광역시 북구 침산동 1466-1,both
235,태전점,대구광역시,북구,대구광역시 북구 태전동 162-30,both
236,강상점,경기도,양평군,"경기도 양평군 강상면 강남로 922, 107호",both
237,개군점,경기도,양평군,경기도 양평군 개군면 하자포길 35,both
238,양동점,경기도,양평군,경기도 양평군 양동면 양동시장길 6-5,both
239,양수리점,경기도,양평군,경기도 양평군 양서면 양수로150번길 9-2,both
240,양평동부점,경기도,양평군,경기도 양평군 양평읍 시민로 30,both
241,양평옥천점,경기도,양평군,"경기도 양평군 옥천면 북부길9번길, 5",both
242,양평용문점,경기도,양평군,경기도 양평군 용문면 용문로 359,both
243,양평점,경기도,양평군,경기도 양평군 양평읍 중앙로167번길 62,both
244,지평점,경기도,양평군,경기도 양평군 지평면 지평의병로 96,both
245,강선점,경기도,고양시,경기도 고양시일산서구 강선로 67번지 유원상가 103호,both
246,건영점,경기도,고양시,경기도 고양시일산서구 성저로 110번지,both
247,관산점,경기도,고양시,경기도 고양시덕양구 통일로802번길 71,both
248,능곡점,경기도,고양시,경기도 고양시덕양구 토당로78번길 7-10(토당동),both
249,대화장성점,경기도,고양시,경기도 고양시일산서구 호수로 838번지 22,both
250,동아점,경기도,고양시,경기도 고양시일산동구 강송로 196 동아아파트상가 1-3,both
251,무원삼보점,경기도,고양시,경기도 고양시덕양구 화신로 31 무원마을 삼보상가 102,both
252,문촌점,경기도,고양시,경기도 고양시일산서구 대산로 183,both
253,삼송점,경기도,고양시,경기도 고양시덕양구 신도길 9,both
254,샘터점,경기도,고양시,경기도 고양시덕양구 화신로 73 D상가 103호,both
255,성석점,경기도,고양시,경기도 고양시일산동구 고봉로 616(성석동),both
256,신원당점,경기도,고양시,경기도 고양시덕양구 고양대로1384 7-24 동문상가 1층 ,both
257,은빛점,경기도,고양시,경기도 고양시덕양구 화중로130번길 5-19,both
258,중산점,경기도,고양시,경기도 고양시일산동구 탄중로 416 상가 109,both
259,탄현점,경기도,고양시,경기도 고양시일산서구 탄현로 74,both
260,풍동식사점,경기도,고양시,경기도 고양시일산동구 숲속마을2로 100,both
261,후곡점,경기도,고양시,경기도 고양시일산서구 강선로 140,both
262,흰돌점,경기도,고양시,경기도 고양시일산동구 일산로 11  ,both
263,강진점,전라남도,강진군,전라남도 강진군 강진읍 탐진로 76-1,both
264,강화1점,인천광역시,강화군,인천광역시 강화군 강화읍 강화대로403번길 5,both
265,강화2점,인천광역시,강화군,인천광역시 강화군 강화읍 남산리 39-1,both
266,온수리점,인천광역시,강화군,인천광역시 강화군 길상면 온수리 547-1,both
267,개금점,부산광역시,부산진구,부산광역시 부산진구 개금3동 18,both
268,당감점,부산광역시,부산진구,부산광역시 부산진구 당감동 739-10,both
269,개봉1점,서울특별시,구로구,"서울특별시 구로구 개봉로11길 13, 1층 3호(개봉동)",both
270,고척동점,서울특별시,구로구,서울특별시 구로구 고척2동 164-41,both
271,구로2동점,서울특별시,구로구,서울특별시 구로구 구로2동 726-32,both
272,궁동점(서울),서울특별시,구로구,"서울특별시 구로구 부일로15길 4, 1층 103호(궁동)",both
273,대림역점,서울특별시,구로구,서울특별시 구로구 구로중앙로8길 17,both
274,신구로점,서울특별시,구로구,"서울특별시 구로구 구로중앙로28다 21, 1층101호(구로동)",both
275,신도림점,서울특별시,구로구,서울특별시 구로구 신도림로11다길 23(신도림동),both
276,오류1점,서울특별시,구로구,서울특별시 구로구 고척로1길 5 (오류동),both
277,천왕점,서울특별시,구로구,서울특별시 구로구 천왕로 56 천왕이펜하우스3단지 상가 1층 102호,both
278,거모점,경기도,시흥시,경기도 시흥시 도일로 100-3  ,both
279,매화동점,경기도,시흥시,경기도 시흥시 매화1로 21,both
280,목감점,경기도,시흥시,경기도 시흥시 동서로 1095,both
281,시화3점,경기도,시흥시,경기도 시흥시 정왕대로53번길 29,both
282,시화5점,경기도,시흥시,경기도 시흥시 역전로 427 세종상가 104,both
283,시화6점,경기도,시흥시,경기도 시흥시 정왕동 1847 청솔아파트 상가 104호,both
284,시화7점,경기도,시흥시,"경기도 시흥시 정왕신길로49번 37,109(서해APT상가)",both
285,시화8점,경기도,시흥시,경기도 시흥시 정왕대로266번 4 금강아파트 상가 108호,both
286,시화지구점,경기도,시흥시,경기도 시흥시 봉우재로 7번길 20,both
287,신천은행점,경기도,시흥시,경기도 시흥시 신천동 781-22,both
288,연성점,경기도,시흥시,"경기도 시흥시 인선길 100, 107호(장곡동, 연성프라자)",both
289,은행택지점,경기도,시흥시,경기도 시흥시 은행로 107,both
290,파인힐(공단점),경기도,시흥시,경기도 시흥시 마유로 226 120호,both
291,거창점,경상남도,거창군,경상남도 거창군 거창읍 중앙로 52-1,both
292,건천점,경상북도,경주시,"경상북도 경주시 건천읍 내서로 1126, 101",both
293,금장점,경상북도,경주시,경상북도 경주시 현곡면 금장리 410 삼성APT상가 나동 103,both
294,동천점,경상북도,경주시,경상북도 경주시 탈해로47번길 6-4,both
295,북부점(경주),경상북도,경주시,경상북도 경주시 동부동 75-8,both
296,성건점,경상북도,경주시,경상북도 경주시 성건동 625-8,both
297,안강점,경상북도,경주시,경상북도 경주시 안강읍 비화원로 117,both
298,용강점,경상북도,경주시,경상북도 경주시 승삼1길 6-10,both
299,중앙점(경주),경상북도,경주시,경상북도 경주시 노동동 236-1,both
300,충효점,경상북도,경주시,경상북도 경주시 충효중앙길 65(충효동),both
301,황성점,경상북도,경주시,경상북도 경주시 용담로92번길 43-4,both
302,경기송산점,경기도,화성시,경기도 화성시 수노을1로191 상가3동 105호,both
303,덕절리점,경기도,화성시,경기도 화성시 정남면 발안로 1177,both
304,동탄1점,경기도,화성시,"경기도 화성시 동탄지성로 150-9(능동,상가101호)",both
305,동탄2점,경기도,화성시,경기도 화성시 동탄면 중리 동탄청계로 303-14,both
306,동탄반송점,경기도,화성시,"경기도 화성시 노작로3길 22,1층 일부호(반송동)",both
307,동탄영천점,경기도,화성시,경기도 화성시 동탄대로24가길 27 상가103호,both
308,마도점,경기도,화성시,경기도 화성시 마도면 석교로 171,both
309,매송점,경기도,화성시,경기도 화성시 매송면 화성로 2358번길 37,both
310,발안1점,경기도,화성시,경기도 화성시 향남읍 삼천병마로 275 ,both
311,병점점,경기도,화성시,경기도 화성시 병점로 58(병점동),both
312,봉담와우리점,경기도,화성시,경기도 화성시 봉담읍 와우로15번길 55-9 효성@상가1층,both
313,봉담점,경기도,화성시,경기도 화성시 봉담읍 진등1길 57-1,both
314,서근리점,경기도,화성시,경기도 화성시 팔탄면 버들로 1362번길 6,both
315,석포점,경기도,화성시,경기도 화성시 장안면 버들로 1199,both
316,안녕송산점,경기도,화성시,경기도 화성시 용주로 25 1층 일부호(안녕동),both
317,율암온천점,경기도,화성시,경기도 화성시 팔탄면 온천로 454,both
318,정남점,경기도,화성시,경기도 화성시 정남면 괘량리 1048-3,both
319,제부도점,경기도,화성시,경기도 화성시 서신면 해안길 246-1,both
320,조암점,경기도,화성시,경기도 화성시 우정읍 조암서로22번길 21,both
321,향남점,경기도,화성시,"경기도 화성시 향남읍 행정서로 1길 44, 103호",both
322,화성남양점,경기도,화성시,경기도 화성시 남양읍 남양시장로 86,both
323,화성시청점,경기도,화성시,경기도 화성시 남양읍 역골로 3-20 ,both
324,경남고성점,경상남도,고성군,경상남도 고성군 고성읍 송학리 263-7,both
325,영오점,경상남도,고성군,경상남도 고성군 영오면 영회로 514,both
326,경남금산점,경상남도,진주시,경상남도 진주시 금산면 금산로,both
327,신안점,경상남도,진주시,경상남도 진주시 평거로116번길 8-1 1층,both
328,진주대곡점,경상남도,진주시,경상남도 진주시 대곡면 광석리 315-1,both
329,평거점,경상남도,진주시,경상남도 진주시 진양호로 187,both
330,경남단계점,경상남도,산청군,경상남도 산청군 신등면 신등가회로 15,both
331,경남사천점,경상남도,사천시,경상남도 사천시 사천읍 정의1길 16,both
332,곤명점,경상남도,사천시,경상남도 사천시 곤명면 정곡리 843-9,both
333,경남양산점,경상남도,양산시,경상남도 양산시 중앙로 111 1층,both
334,범어점,경상남도,양산시,경상남도 양산시 물금읍 범어리 721-1,both
335,경안점,경기도,광주시,경기도 광주시 중앙로 179 (송정동),both
336,곤지암점,경기도,광주시,"경기도 광주시 곤지암읍 곤지암로50번길, 25",both
337,광주점,경기도,광주시,경기도 광주시 문화로 6(역동),both
338,도평점,경기도,광주시,경기도 광주시 초월읍 현산로 89-6,both
339,삼동점,경기도,광주시,경기도 광주시 순암로 509(삼동),both
340,신현리점,경기도,광주시,경기도 광주시 오포읍 새말길 94,both
341,양벌점,경기도,광주시,경기도 광주시 오포읍 양벌로 190,both
342,오포점,경기도,광주시,경기도 광주시 오포읍 오포로 865,both
343,초월점,경기도,광주시,경기도 광주시 초월읍 경춘대로 1043,both
344,태전동점,경기도,광주시,경기도 광주시 태봉로 31-3 105호(태전동),both
345,퇴촌점,경기도,광주시,경기도 광주시 퇴촌면 광동로 97,both
346,계대점,대구광역시,남구,대구광역시 남구 대명동 1899-2,both
347,대구대명점,대구광역시,남구,대구광역시 남구 두류공원로17길 48 (지하1층),both
348,봉덕2점,대구광역시,남구,대구광역시 남구 봉덕동 924-3,both
349,계산1점,인천광역시,계양구,인천광역시 계양구 계산2동 933-25,both
350,계양1동점,인천광역시,계양구,인천광역시 계양구 황어로115번길 10,both
351,작전1점,인천광역시,계양구,"인천광역시 계양구 주부토로 468(작전동, 상가동1층6호)",both
352,작전3점,인천광역시,계양구,인천광역시 계양구 효성동 197-19,both
353,작전현대점,인천광역시,계양구,인천광역시 계양구 작전동 580-1 현대아파트상가 1층,both
354,태평상가점,인천광역시,계양구,"인천광역시 계양구 계산4동 1085-2, 3 태평@상가 114",both
355,효성1점,인천광역시,계양구,인천광역시 계양구 효성2동 273-91 층,both
356,효성2점,인천광역시,계양구,인천광역시 계양구 효성1동 31-4,both
357,고강1점,경기도,부천시,경기도 부천시오정구 원종동 238-10,both
358,고강2점,경기도,부천시,경기도 부천시오정구 고강본동 399,both
359,괴안1점,경기도,부천시,"경기도 부천시소사구 부광로8번길 39,104(괴안동)",both
360,꿈.연화점,경기도,부천시,경기도 부천시원미구 옥산로 86,both
361,내동점,경기도,부천시,경기도 부천시오정구 삼작로96번길 21(내동),both
362,도당점,경기도,부천시,경기도 부천시원미구 도당동 284-15 1층,both
363,반달마을점,경기도,부천시,"경기도 부천시원미구 상동 397, 반달상가1층",both
364,상동라일락점,경기도,부천시,"경기도 부천시원미구 도약로 35, 105(상동)",both
365,상동현대점,경기도,부천시,"경기도 부천시원미구 상동 555-8, 102호",both
366,소사3점,경기도,부천시,"경기도 부천시소사구 소사로160번길 26-2, 1층일부(소사본동)",both
367,송내1점,경기도,부천시,"경기도 부천시소사구 경인로134번길 72, 202호(송내동,단지내상가2층)",both
368,심곡5점,경기도,부천시,경기도 부천시원미구 부흥로373번길 44,both
369,심곡본1점,경기도,부천시,"경기도 부천시소사구 성주로 159(심곡본동,1층)",both
370,약대점,경기도,부천시,경기도 부천시오정구 삼정동 318-5 1층,both
371,여월점,경기도,부천시,경기도 부천시오정구 여월동 52-4 1층,both
372,역곡1점,경기도,부천시,경기도 부천시원미구 역곡로 61 (역곡동),both
373,오정점,경기도,부천시,"경기도 부천시오정구 오정로 244번 45, (오정동,1층)",both
374,원미1점,경기도,부천시,"경기도 부천시원미구 원미로 89-1, 1층(원미동)",both
375,원종3점,경기도,부천시,경기도 부천시오정구 원종동 206-3,both
376,중동1점,경기도,부천시,경기도 부천시원미구 중동 805-2 중앙 103호,both
377,중동동성점,경기도,부천시,"경기도 부천시원미구 조마루로 233, 상가동1층121호(중동, 미리내마을)",both
378,중흥설악점,경기도,부천시,경기도 부천시원미구 중동 1052 중흥주공상가 204,both
379,한아름점,경기도,부천시,경기도 부천시원미구 상동 393,both
380,고대점,충청남도,당진시,충청남도 당진시 고대면 고대로 47,both
381,기지시점,충청남도,당진시,충청남도 당진시 송악읍 기지시리 161-1,both
382,당진1점,충청남도,당진시,충청남도 당진시 당진중앙2로 54-5,both
383,당진2점,충청남도,당진시,충청남도 당진시 무수동로 195,both
384,당진3점,충청남도,당진시,충청남도 당진시 원당로 55(원당동),both
385,당진신평점,충청남도,당진시,충청남도 당진시 신평면 신평로 827,both
386,석문점,충청남도,당진시,충청남도 당진시 석문면 통정3안길 8-15,both
387,송산점,충청남도,당진시,충청남도 당진시 송산면 유곡리 355-36,both
388,이주단지점,충청남도,당진시,충청남도 당진시 송악읍 신복운로6길 7(1층),both
389,중흥리점,충청남도,당진시,충청남도 당진시 송악읍 송악로 685,both
390,합덕점,충청남도,당진시,충청남도 당진시 합덕읍 합덕시장로 176,both
391,고덕역점,서울특별시,강동구,서울특별시 강동구 고덕1동 643-2,both
392,길동2점,서울특별시,강동구,서울특별시 강동구 천중로49길 29(길동),both
393,길동3점,서울특별시,강동구,"서울특별시 강동구 천호대로185길 89(길동, 1층)",both
394,명일점,서울특별시,강동구,서울특별시 강동구 동남로67길 44(명일동),both
395,상일동점,서울특별시,강동구,"서울특별시 강동구 상일로 29-1, 1층(상일동)",both
396,성내동점,서울특별시,강동구,서울특별시 강동구 성내1동 560-5,both
397,암사2점,서울특별시,강동구,"서울특별시 강동구 구천면로 337, 1층 (암사동)",both
398,암사역점,서울특별시,강동구,서울특별시 강동구 암사1동 501-25,both
399,천호점,서울특별시,강동구,"서울특별시 강동구 천중로18길 53, 1층 (천호동)",both
400,고덕점,충청남도,예산군,충청남도 예산군 고덕면 용고길 353,both
401,삽교점,충청남도,예산군,충청남도 예산군 삽교읍 두리 570-52,both
402,신례원점,충청남도,예산군,충청남도 예산군 예산읍 창말로 8,both
403,예산1점,충청남도,예산군,충청남도 예산군 예산읍 예산리 천변로 179,both
404,예산2점,충청남도,예산군,충청남도 예산군 예산읍 주교리 225-9,both
405,충남덕산점,충청남도,예산군,충청남도 예산군 덕산면 읍내리 342-1,both
406,고북점,충청남도,서산시,충청남도 서산시 고북면 기포리 300-2,both
407,대산점,충청남도,서산시,충청남도 서산시 대산읍 대산리 214-10,both
408,서산1점,충청남도,서산시,충청남도 서산시 읍내동 160-1,both
409,서산부영점,충청남도,서산시,충청남도 서산시 성암1로 56(읍내동),both
410,서산삼성점,충청남도,서산시,충청남도 서산시 동문동 538,both
411,석림점,충청남도,서산시,충청남도 서산시 석림동 783-4,both
412,지곡점,충청남도,서산시,충청남도 서산시 지곡면 무장리 920 오스카빌 103,both
413,테크노밸리점,충청남도,서산시,충청남도 서산시 성연면 일람리 1123,both
414,해미점,충청남도,서산시,충청남도 서산시 해미면 남문5로 4,both
415,고잔2점,경기도,안산시,경기도 안산시단원구 고잔동 733-1 104,both
416,고잔점,경기도,안산시,경기도 안산시단원구 고잔동 612 문화연립상가동 110,both
417,구반월점,경기도,안산시,경기도 안산시상록구 건건동 632-4 1층,both
418,군자11점,경기도,안산시,경기도 안산시단원구 선부동 1078-4 가동상가 110,both
419,레이크타운점,경기도,안산시,경기도 안산시단원구 광덕동로25 상가동101호,both
420,본오2점,경기도,안산시,경기도 안산시상록구 각골로 123,both
421,본오3점,경기도,안산시,경기도 안산시상록구 본오동 669-7,both
422,부곡점(안산),경기도,안산시,경기도 안산시상록구 부곡동 685-11 안산제2종합시장 1003호,both
423,사동2점,경기도,안산시,"경기도 안산시상록구 감골로 43(사동, 102호)",both
424,사동점,경기도,안산시,경기도 안산시상록구 사동 1285-3,both
425,선부3점,경기도,안산시,경기도 안산시단원구 선삼로 1 (선부동 1층),both
426,안산3점,경기도,안산시,경기도 안산시단원구 예술대학로 107 상가104호,both
427,안산상록수점,경기도,안산시,경기도 안산시상록구 본삼로 17 1층 103호,both
428,안산이동점,경기도,안산시,"경기도 안산시상록구 도매시장로 34-1, 102호",both
429,안산일동점,경기도,안산시,경기도 안산시상록구 호동로 81(일동),both
430,안산효자점,경기도,안산시,경기도 안산시단원구 선부광장서로1길 15 효자상가103호,both
431,원곡동점,경기도,안산시,"경기도 안산시단원구 원선로 55, 104호(원곡동)",both
432,월피주공점,경기도,안산시,경기도 안산시상록구 월피동 446-2 주공상가 107호,both
433,초지1점,경기도,안산시,경기도 안산시단원구 초지동 734-5 한양타워 114호,both
434,한대역점,경기도,안산시,"경기도 안산시상록구 사동 1186-8, 101호",both
435,고천점,경기도,의왕시,"경기도 의왕시 효행로 44(오전동, 의왕빌딩3호)",both
436,부곡점(의왕),경기도,의왕시,경기도 의왕시 솔밭길 31,both
437,고한점,강원도,정선군,강원도 정선군 고한읍 고한로 151-1,both
438,사북점,강원도,정선군,강원도 정선군 사북읍 사북중앙로 13,both
439,임계점,강원도,정선군,강원도 정선군 임계면 송계5길 5,both
440,정선점,강원도,정선군,강원도 정선군 정선읍 정선로 1352,both
441,함백점,강원도,정선군,강원도 정선군 신동읍 함백로 319,both
442,곡반정점,경기도,수원시,"경기도 수원시권선구 곡선로50번길 48/107(곡반정동,현대@상가)",both
443,광교점,경기도,수원시,"경기도 수원시영통구 대학1로 8번길 59, 1층103호(이의동)",both
444,권선점,경기도,수원시,경기도 수원시권선구 세권로 181번길 13(권선동),both
445,당수동점,경기도,수원시,경기도 수원시권선구 당진로 14번길 57 상가 105(당수동),both
446,동신점,경기도,수원시,경기도 수원시장안구 파장로21번길 24,both
447,매산점,경기도,수원시,경기도 수원시팔달구 갓매산로26번길 24,both
448,매탄점,경기도,수원시,경기도 수원시영통구 동수원로514번길 15 103호,both
449,북문점,경기도,수원시,경기도 수원시장안구 팔달로259번길 9,both
450,서둔탑동평동점,경기도,수원시,경기도 수원시권선구 서둔로 197-1 1층 101호(탑동),both
451,서문점,경기도,수원시,경기도 수원시장안구 장안로7번길 38(영화동),both
452,성대1점,경기도,수원시,경기도 수원시장안구 율전로 85번길 15(율전동),both
453,성대2점,경기도,수원시,"경기도 수원시장안구 서부로 2197번길 36-1, 1층",both
454,세류점,경기도,수원시,경기도 수원시권선구 정조로 558(세류동),both
455,신영통점,경기도,수원시,경기도 수원시영통구 영통로90번길 4-9(망포동485-3),both
456,영통1.경희점,경기도,수원시,"경기도 수원시영통구 매영로 415번 56-2, 1층",both
457,영통2점,경기도,수원시,경기도 수원시영통구 영통동 955-1 황골마을1단지 상가-106,both
458,오목천점,경기도,수원시,경기도 수원시권선구 삼천병마로     1592번길 3(오목천동),both
459,우만.지동점,경기도,수원시,경기도 수원시팔달구 창룡대로 150번길 55(우만동),both
460,원천점,경기도,수원시,경기도 수원시영통구 매탄2동 동탄원천로1109번길 42 원천성일아파트상가동 103호,both
461,인계점,경기도,수원시,"경기도 수원시팔달구 권광로 317번길 12, 상가동 지하1층6,7호",both
462,임광점,경기도,수원시,경기도 수원시영통구 권선로 792 (매탄동),both
463,정자점(수원),경기도,수원시,경기도 수원시장안구 장안로 183,both
464,조원점,경기도,수원시,경기도 수원시장안구 송정로187번길 49,both
465,조원주공점,경기도,수원시,경기도 수원시장안구 금당로39번길 34 주공APT2단지상가1/2 101,both
466,천천2점,경기도,수원시,경기도 수원시장안구 화서동 706 진흥@상가 105,both
467,칠보점,경기도,수원시,경기도 수원시권선구 금호로 2 1층 102호,both
468,파장2점,경기도,수원시,"경기도 수원시장안구 파장천로 44번길 88, 1층(파장동)",both
469,파장점,경기도,수원시,경기도 수원시장안구 파장로 79(정자동),both
470,현대점(수원),경기도,수원시,경기도 수원시권선구 세지로82번길 37(권선동),both
471,화서점,경기도,수원시,경기도 수원시팔달구 팔달로127번길 16-4(화서동),both
472,공덕동점,서울특별시,마포구,서울특별시 마포구 공덕동 111-187,both
473,공덕역점,서울특별시,마포구,"서울특별시 마포구 마포대로11길 75 102 (공덕동, 공덕현대아파트상가)",both
474,도화동점,서울특별시,마포구,서울특별시 마포구 도화동 268,both
475,망원동점,서울특별시,마포구,서울특별시 마포구 망원2동 475-42,both
476,성산동점,서울특별시,마포구,서울특별시 마포구 중동 64-25,both
477,신공덕점,서울특별시,마포구,"서울특별시 마포구 만리재옛길 20(신공덕동, 1층)",both
478,신수동점,서울특별시,마포구,"서울특별시 마포구 토정로 240, 1-1(신수동, 상가)",both
479,연남동점,서울특별시,마포구,서울특별시 마포구 연남로 41(연남동),both
480,이대점,서울특별시,마포구,"서울특별시 마포구 숭문16길 10, 1층(염리동)",both
481,합정동점,서울특별시,마포구,서울특별시 마포구 포은로 52(합정동),both
482,홍익대점,서울특별시,마포구,"서울특별시 마포구 독막로22길 21, 1층101호(창전동)",both
483,공도점,경기도,안성시,경기도 안성시 공도읍 고무다리길 10-1,both
484,대림동산점,경기도,안성시,경기도 안성시 공도읍 양기리567-1,both
485,보개점,경기도,안성시,경기도 안성시 보개면 남사당로 1-3,both
486,안성2점,경기도,안성시,경기도 안성시 신건지동 1-2,both
487,양성점,경기도,안성시,경기도 안성시 양성면 읍내길 26,both
488,연지점,경기도,안성시,경기도 안성시 연지동 16-1,both
489,죽산점,경기도,안성시,경기도 안성시 죽산면 중서길 1,both
490,홍익점,경기도,안성시,"경기도 안성시 금광면 종합운동장로 132, 홍익아파트상가 107",both
491,공릉철길공원점,서울특별시,노원구,서울특별시 노원구 동일로184길 69. 1층(공릉동),both
492,상계역점,서울특별시,노원구,"서울특별시 노원구 상계로23다길 4, 102호(상계동)",both
493,서울온천점,서울특별시,노원구,"서울특별시 노원구 노원로16길 15, 상가동 1층 104호 (하계동,중계9단지상가)",both
494,월계동점,서울특별시,노원구,서울특별시 노원구 광운로2나길 11,both
495,월계삼호점,서울특별시,노원구,서울특별시 노원구 월계3동 12-1 삼호4차 상가,both
496,공성점,경상북도,상주시,경상북도 상주시 공성면 옥산리 290-8,both
497,공주산성동점,충청남도,공주시,충청남도 공주시 산성찬호길 1(산성동),both
498,공주중동점,충청남도,공주시,충청남도 공주시 웅진로 140(중동),both
499,신관점,충청남도,공주시,충청남도 공주시 신관동 177-1,both
500,신관초교점,충청남도,공주시,충청남도 공주시 신관동 319-7 신관초교 후문앞,both
501,유구점,충청남도,공주시,충청남도 공주시 유구읍 중앙1길 88,both
502,의당.신한점,충청남도,공주시,충청남도 공주시 의당면 연수원길 115-2 102호,both
503,관기점,충청북도,보은군,충청북도 보은군 마로면 관기송현로 95-1,both
504,보은점,충청북도,보은군,충청북도 보은군 보은읍 삼산리 44-1,both
505,속리산점,충청북도,보은군,충청북도 보은군 속리산면 사내리 281-1,both
506,관양1점,경기도,안양시,경기도 안양시동안구 관양동 1397-1 1층 101,both
507,덕천점,경기도,안양시,경기도 안양시만안구 덕천로128번길 18(안양동),both
508,박달동점,경기도,안양시,경기도 안양시만안구 박달동 134-5,both
509,비산1동점,경기도,안양시,"경기도 안양시동안구 비산로 21, 1층 102호(비산동)",both
510,비산삼호점,경기도,안양시,경기도 안양시동안구 비산동 377-4,both
511,새마을점,경기도,안양시,경기도 안양시만안구 안양동 759-51,both
512,안양5동점,경기도,안양시,경기도 안양시만안구 안양동 388-12,both
513,인덕원점,경기도,안양시,"경기도 안양시동안구 흥안대로517번 49, 1층(관양동)",both
514,평촌3점,경기도,안양시,경기도 안양시동안구 관양동 1589-1 한가람상가 103호,both
515,평촌5점,경기도,안양시,"경기도 안양시동안구 동안로 2.109(호계동,무궁화진흥아파트상가)",both
516,포도원점,경기도,안양시,경기도 안양시동안구 호계동 859-13,both
517,호계2동점,경기도,안양시,"경기도 안양시동안구 귀인로110번길 22, 1층(호계동)",both
518,광나루점,서울특별시,광진구,"서울특별시 광진구 아차산로78길 165, 1층 102호(광장동)",both
519,광장동점,서울특별시,광진구,서울특별시 광진구 구의동 203-24,both
520,구의동점,서울특별시,광진구,서울특별시 광진구 자양로 322 (구의동),both
521,뚝섬점,서울특별시,광진구,서울특별시 광진구 능동로3가길 4(자양동),both
522,자양1점,서울특별시,광진구,"서울특별시 광진구 자양로13다길 47(자양동, 1층)",both
523,자양3점,서울특별시,광진구,서울특별시 광진구 뚝섬로 693,both
524,중곡1점,서울특별시,광진구,"서울특별시 광진구 용마산로7길 20(중곡동, 1층)",both
525,중곡2점,서울특별시,광진구,서울특별시 광진구 중곡동 199-27,both
526,화양동점,서울특별시,광진구,"서울특별시 광진구 능동로13길 70(화양동, 1층)",both
527,광명1점,경기도,광명시,경기도 광명시 오리로 937,both
528,광명2점,경기도,광명시,경기도 광명시 광명동 348-20,both
529,광명3점,경기도,광명시,"경기도 광명시 광명로928번길 14, 1층(광명동)",both
530,광명역점,경기도,광명시,"경기도 광명시 신기로17번길 6, 1층102호(일직동,케이스퀘어)",both
531,기아점,경기도,광명시,경기도 광명시 소하동 1236-7,both
532,철산2점,경기도,광명시,경기도 광명시 철산2동 156-1 1층,both
533,철산3점,경기도,광명시,"경기도 광명시 도덕공원로 21-1. 비02호(철산동,힐타운상가)",both
534,하안1점,경기도,광명시,"경기도 광명시 안현로 19(하안동, 단지상가 111호)",both
535,하안5점,경기도,광명시,경기도 광명시 하안1동 702-2 5단지 일반상가 109,both
536,하안7점,경기도,광명시,경기도 광명시 하안3동 295-1 주공7단지 종합상가 106,both
537,하안9점,경기도,광명시,경기도 광명시 하안동 13-2 9단지 종합상가 101,both
538,광산점,광주광역시,광산구,광주광역시 광산구 송정동 792-14,both
539,소촌점,광주광역시,광산구,광주광역시 광산구 소촌동 610 서라@상가105,both
540,수완점,광주광역시,광산구,광주광역시 광산구 신가번영로 89-2,both
541,신창부영점,광주광역시,광산구,광주광역시 광산구 신창동 1270번지 부영@2차 상가 2-106,both
542,운남삼성점,광주광역시,광산구,광주광역시 광산구 운남동 387-22번지 삼성@ 상가 127호,both
543,광안점,부산광역시,수영구,부산광역시 수영구 무학로33번길 55,both
544,광양점,전라남도,광양시,전라남도 광양시 광양읍 인서중앙길 43,both
545,중마점,전라남도,광양시,전라남도 광양시 중동 1681번지 태영@ 상가 106호,both
546,광탄점,경기도,파주시,경기도 파주시 광탄면 혜음로 1127-1,both
547,교하점,경기도,파주시,경기도 파주시 숲속노을로 300,both
548,금촌주공점,경기도,파주시,경기도 파주시 가나무로 103,both
549,문산점,경기도,파주시,경기도 파주시 문산읍 문항로 82,both
550,선유점,경기도,파주시,경기도 파주시 문산읍 독서울1길 39 휴먼시아상가 106,both
551,아동점,경기도,파주시,"경기도 파주시 경의로 1821, 1층101호",both
552,연풍점,경기도,파주시,경기도 파주시 파주읍 술이홀로 449,both
553,운정1점,경기도,파주시,"경기도 파주시 미래로 603, 상가동 203호(목동동)",both
554,운정2점,경기도,파주시,"경기도 파주시 동패로 115, 상가동 122호",both
555,적성점,경기도,파주시,경기도 파주시 적성면 청송로 1020,both
556,광혜원점,충청북도,진천군,충청북도 진천군 광혜원면 화랑5길 8,both
557,덕산점,충청북도,진천군,충청북도 진천군 덕산면 덕금로 809,both
558,이월점,충청북도,진천군,충청북도 진천군 이월면 진광로 789-1,both
559,진천점,충청북도,진천군,"충청북도 진천군 진천읍 문화로 237-18, 101호",both
560,괘법점,부산광역시,사상구,부산광역시 사상구 광장로37번길 71,both
561,모라점,부산광역시,사상구,부산광역시 사상구 모라로46번길 70(모라동),both
562,학장점,부산광역시,사상구,부산광역시 사상구 학감대로 129,both
563,괴산점,충청북도,괴산군,"충청북도 괴산군 괴산읍 읍내로11번길, 8-5",both
564,연풍점(충북),충청북도,괴산군,충청북도 괴산군 연풍면 향교로 28,both
565,교대앞점,강원도,춘천시,강원도 춘천시 공지로 111 ,both
566,부안점,강원도,춘천시,강원도 춘천시 후석로 261(후평동),both
567,사우동점,강원도,춘천시,강원도 춘천시 영서로 2818(사농동),both
568,석사점,강원도,춘천시,강원도 춘천시 백령로 7,both
569,소양로점,강원도,춘천시,강원도 춘천시 중앙로 126번지(소양로4가),both
570,요선동점,강원도,춘천시,강원도 춘천시 서부대성로48번 24,both
571,춘천명동점,강원도,춘천시,강원도 춘천시 금강로76번길 (조양동),both
572,춘천터미널점,강원도,춘천시,강원도 춘천시 공지로 458(근화동),both
573,춘천팔호광장점,강원도,춘천시,강원도 춘천시 효자로 154(효자동),both
574,퇴계동점,강원도,춘천시,"강원도 춘천시 행촌로32번길  5-6, 1층",both
575,퇴계주공점,강원도,춘천시,강원도 춘천시 지석로 74-11 A13(퇴계동),both
576,후평2동점,강원도,춘천시,강원도 춘천시 후만로 37,both
577,교대역점,서울특별시,서초구,서울특별시 서초구 서초동 1640-1 1층,both
578,반포동점,서울특별시,서초구,서울특별시 서초구 반포1동 717-10 101,both
579,방배본점,서울특별시,서초구,서울특별시 서초구 동광로11길 25. 1층(방배동),both
580,서초동점,서울특별시,서초구,서울특별시 서초구 서초동 1360-34 지층,both
581,양재점,서울특별시,서초구,서울특별시 서초구 양재동 8-71 광성빌딜 1층,both
582,우면동점,서울특별시,서초구,"서울특별시 서초구 바우뫼로7길 11, 1층 106호(우면동,우면아파트상가)",both
583,구례점,전라남도,구례군,전라남도 구례군 구례읍 중앙로 35,both
584,지리산온천점,전라남도,구례군,전라남도 구례군 산동면 관산리 715-2번지,both
585,구리남점,경기도,구리시,경기도 구리시 안골로20번길 28,both
586,구리중앙점,경기도,구리시,경기도 구리시 체육관로171번 11-6,both
587,인창점,경기도,구리시,경기도 구리시 건원대로99번길 49,both
588,구미송정점,경상북도,구미시,경상북도 구미시 송정동 465-1,both
589,봉곡점,경상북도,구미시,경상북도 구미시 봉곡남로9길 35,both
590,인동점,경상북도,구미시,경상북도 구미시 인동19길  36-1 1층,both
591,임은점,경상북도,구미시,경상북도 구미시 임은길 50,both
592,구산점,경상남도,김해시,경상남도 김해시 구산로 32-1,both
593,김해내동점,경상남도,김해시,경상남도 김해시 평전로 154(내동),both
594,김해중앙점,경상남도,김해시,경상남도 김해시 부원동 603-7,both
595,삼계점,경상남도,김해시,경상남도 김해시 가야로147번길 12-1 ,both
596,삼방점,경상남도,김해시,경상남도 김해시 삼안로235번길 14(삼방동668-17),both
597,외동점,경상남도,김해시,경상남도 김해시 외동 1214-2,both
598,장유2점,경상남도,김해시,경상남도 김해시 대청동 291-1 ,both
599,장유점,경상남도,김해시,경상남도 김해시 무계동 278,both
600,구암점,전라북도,군산시,전라북도 군산시 서당길 19(구암동),both
601,군산금호점,전라북도,군산시,전라북도 군산시 나운동 489 금호타운상가 108,both
602,미룡산북점,전라북도,군산시,전라북도 군산시 부곡로 125(미룡동),both
603,구월1동점,인천광역시,남동구,인천광역시 남동구 구월동 1217-2 103호,both
604,도림주공점,인천광역시,남동구,인천광역시 남동구 논고개로 299,both
605,만수1점,인천광역시,남동구,인천광역시 남동구 만수서로 97-17(만수동 1층),both
606,만수3점,인천광역시,남동구,인천광역시 남동구 만수동 861 1층,both
607,만수삼환점,인천광역시,남동구,인천광역시 남동구 소래로669번길 30 106호,both
608,만수주공점,인천광역시,남동구,인천광역시 남동구 장승남로34번길 22 상가 111호,both
609,소래점,인천광역시,남동구,인천광역시 남동구 논현동 577 풍림상가 111호,both
610,수림점,인천광역시,남동구,인천광역시 남동구 주안로237번길 1,both
611,에코점,인천광역시,남동구,인천광역시 남동구 논현동 739-1,both
612,인천남부점,인천광역시,남동구,"인천광역시 남동구 성리로35번길 20-1(구월동, 1층)",both
613,인천남촌점,인천광역시,남동구,인천광역시 남동구 남촌동로 52-1,both
614,효성점,인천광역시,남동구,인천광역시 남동구 백범로247번길 93-26,both
615,구포점,부산광역시,북구,부산광역시 북구 구포동 391-9,both
616,화명점,부산광역시,북구,부산광역시 북구 화명동 1417-6,both
617,군남점,경기도,연천군,경기도 연천군 군남면 군남로 115,both
618,대광리점,경기도,연천군,경기도 연천군 신서면 도대로 3번길 33호,both
619,백학점,경기도,연천군,경기도 연천군 백학면 두백로 35,both
620,연천점,경기도,연천군,경기도 연천군 연천읍 연천로 262,both
621,전곡터미널점,경기도,연천군,경기도 연천군 전곡읍 온골로 56,both
622,군위점,경상북도,군위군,경상북도 군위군 군위읍 서부리 57-1,both
623,군포당동점,경기도,군포시,"경기도 군포시 군포로510번길 25(당동, 당동누리에뜰해밀제1층118호)",both
624,산본13점,경기도,군포시,"경기도 군포시 산본동 1059 우성상가A동 8,9호",both
625,산본3점,경기도,군포시,"경기도 군포시 광정로 25-16. 103호(금정동,퇴계종합상가)",both
626,산본6점,경기도,군포시,"경기도 군포시 산본천로 34-5(산본동, 세종종합상가동101호)",both
627,산본9점,경기도,군포시,경기도 군포시 산본동 수리산로203번안길 34 ,both
628,산본리점,경기도,군포시,경기도 군포시 금산로 62(산본동),both
629,수리산역점,경기도,군포시,"경기도 군포시 번영로 403, 211(산본동, 가야주공)",both
630,궁동점(대전),대전광역시,유성구,대전광역시 유성구 궁동 404-7,both
631,노은반석점,대전광역시,유성구,"대전광역시 유성구 노은서로266번 77, 104호(지상1층)",both
632,도안지구점,대전광역시,유성구,대전광역시 유성구 원신흥남로11번 6-22 (102호),both
633,송강그린점,대전광역시,유성구,대전광역시 유성구 송강동 208-7,both
634,송강마을점,대전광역시,유성구,대전광역시 유성구 구즉로58번길 12(송강동),both
635,신성점,대전광역시,유성구,대전광역시 유성구 신선로 72번길 30,both
636,유성1점,대전광역시,유성구,대전광역시 유성구 게룡로60번길 60-2,both
637,유성2점,대전광역시,유성구,대전광역시 유성구 장대동 269-8,both
638,전민점,대전광역시,유성구,"대전광역시 유성구 전민로10번길 49(전민동, 1층)",both
639,진잠점,대전광역시,유성구,대전광역시 유성구 원내동 343-6,both
640,학하.한밭대점,대전광역시,유성구,대전광역시 유성구 학하남로19번길 16(계산동),both
641,근화점,전라남도,목포시,전라남도 목포시 연산동 산정로 268-3,both
642,하당동아점,전라남도,목포시,전라남도 목포시 신흥로45번길 2 상가112호,both
643,하당부영점,전라남도,목포시,전라남도 목포시 삼향천로91번길 26(옥암동),both
644,금산2점,충청남도,금산군,충청남도 금산군 금산읍 중도리 391-4,both
645,마전점,충청남도,금산군,충청남도 금산군 추부면 마전리 567-12,both
646,금암점,전라북도,전주시,전라북도 전주시덕진구 조경단로 44,both
647,반월점,전라북도,전주시,전라북도 전주시덕진구 반월동 1229 반월주공아파트상가 104호,both
648,송천점,전라북도,전주시,전라북도 전주시덕진구 솔내로 111(송천동1가),both
649,아중점,전라북도,전주시,전라북도 전주시덕진구 인후동1가 880-5,both
650,중화산동점,전라북도,전주시,"전라북도 전주시완산구 따박골2길 3(중화산동2가, 1층)",both
651,금오점,경기도,의정부시,경기도 의정부시 금신로 398,both
652,녹양점,경기도,의정부시,"경기도 의정부시 비우로20번길 29(가능동,지상1층)",both
653,민락점,경기도,의정부시,경기도 의정부시 오목로 99,both
654,신곡점,경기도,의정부시,경기도 의정부시 시민로 240,both
655,용현점,경기도,의정부시,"경기도 의정부시 충의로57번길 7-3(용현동, 1층)",both
656,장암주공점,경기도,의정부시,경기도 의정부시 회룡로 223 (장암주공5단지아파트),both
657,한주점,경기도,의정부시,경기도 의정부시 평화로322번길 18(호원동),both
658,호원점,경기도,의정부시,경기도 의정부시 신흥로 119번길 54,both
659,금호동점,광주광역시,서구,광주광역시 서구 금호동 815 호반리젠시빌 상가,both
660,상무세정점,광주광역시,서구,광주광역시 서구 치평동 상무화원로31번길18,both
661,쌍촌시영점,광주광역시,서구,광주광역시 서구 쌍촌로 37,both
662,으뜸점,광주광역시,서구,광주광역시 서구 치평동 1168번지 해광한신@ 상가 113호,both
663,화정점,광주광역시,서구,광주광역시 서구 화정동 766-1,both
664,금호로타리점,서울특별시,성동구,서울특별시 성동구 무수막길 89-2,both
665,금호역점,서울특별시,성동구,서울특별시 성동구 금호동3가 1394-3,both
666,마장동점,서울특별시,성동구,"서울특별시 성동구 청계천로10나길 80, 1층(마장동)",both
667,옥수동점,서울특별시,성동구,"서울특별시 성동구 독서당로39길 48, 1층 (옥수동)",both
668,왕십리점,서울특별시,성동구,서울특별시 성동구 하왕십리2동 955-11,both
669,행당동점,서울특별시,성동구,"서울특별시 성동구 행당로 119 (행당동,1층)",both
670,기계점,경상북도,포항시,경상북도 포항시북구 기계면 현내리 407-3번지,both
671,꼬꼬점,경상북도,포항시,경상북도 포항시북구 칠성천길 98,both
672,달전점,경상북도,포항시,경상북도 포항시북구 흥해읍 도음로877번길 9 삼도미래타운106-106,both
673,도구점,경상북도,포항시,경상북도 포항시남구 동해면 일월로 116,both
674,두호점,경상북도,포항시,경상북도 포항시북구 두호동 205-26,both
675,문덕점,경상북도,포항시,경상북도 포항시남구 오천읍 문덕리 203-3 청호A상가101,both
676,북부점(포항),경상북도,포항시,경상북도 포항시북구 두호동 1035-7,both
677,우현점,경상북도,포항시,경상북도 포항시북구 우현동 134-7 우현상가101호,both
678,장량점,경상북도,포항시,경상북도 포항시북구 장량로87번길 6-15,both
679,포항오천점,경상북도,포항시,"경상북도 포항시남구 오천읍 해병로337번길, 18-5",both
680,포항이동점,경상북도,포항시,경상북도 포항시남구 대잠동 469-3,both
681,포항장성점,경상북도,포항시,경상북도 포항시북구 성실로 24-1,both
682,포항터미널점,경상북도,포항시,경상북도 포항시남구 중섬로 25(대잠동),both
683,환호점,경상북도,포항시,경상북도 포항시북구 삼호로 458,both
684,효자점(포항),경상북도,포항시,경상북도 포항시남구 효자동 119-1,both
685,흥해점,경상북도,포항시,경상북도 포항시북구 흠해흡 초곡지구로52번길,both
686,기업도시점,충청북도,충주시,충청북도 충주시 중앙탑면 원앙9길 15 ,both
687,목행점,충청북도,충주시,충청북도 충주시 행정10길 10(목행동),both
688,문화동점,충청북도,충주시,충청북도 충주시 사직산1길 15-11(문화동),both
689,수안보점,충청북도,충주시,충청북도 충주시 수안보면 장터2길 20-7,both
690,앙성점,충청북도,충주시,충청북도 충주시 앙성면 가곡로 1033-1,both
691,엄정점,충청북도,충주시,충청북도 충주시 엄정면 내창로 205,both
692,연수동점,충청북도,충주시,충청북도 충주시 연원로 28(연수동),both
693,주덕점,충청북도,충주시,충청북도 충주시 주덕읍 신양로 109,both
694,칠금점,충청북도,충주시,"충청북도 충주시 금릉로 45, 109(칠금동, 현대아파트상가동)",both
695,기장점,부산광역시,기장군,부산광역시 기장군 기장읍 대라리 129-1,both
696,길음점,서울특별시,성북구,서울특별시 성북구 길음로 74 길음뉴타운5단지 2-105,both
697,동소문동점,서울특별시,성북구,서울특별시 성북구 동선동5가 18,both
698,석관동점,서울특별시,성북구,"서울특별시 성북구 돌곶이로22길 50, 1층(석관동)",both
699,월곡2점,서울특별시,성북구,서울특별시 성북구 하월곡2동 37-18,both
700,장위동점,서울특별시,성북구,서울특별시 성북구 장월로 90,both
701,정릉4동점,서울특별시,성북구,서울특별시 성북구 정릉동 372-47,both
702,정릉점,서울특별시,성북구,서울특별시 성북구 돈암동 43-6,both
703,낙성대1점,서울특별시,관악구,서울특별시 관악구 봉천11동 1642-7,both
704,난곡점,서울특별시,관악구,서울특별시 관악구 문성로16가길 43,both
705,보라매동점,서울특별시,관악구,서울특별시 관악구 보라매로 22 (봉천동),both
706,봉천2동점,서울특별시,관악구,서울특별시 관악구 봉천동 7-125,both
707,봉천현대점,서울특별시,관악구,"서울특별시 관악구 양녕로 35-1, 1층(봉천동)",both
708,신대방역점,서울특별시,관악구,서울특별시 관악구 신림동 542-17,both
709,신림2점,서울특별시,관악구,서울특별시 관악구 신림동 251-461,both
710,남목점,울산광역시,동구,울산광역시 동구 동해안로 40-2(동부동),both
711,대송점,울산광역시,동구,울산광역시 동구 화정동 164-11,both
712,방어진점,울산광역시,동구,울산광역시 동구 방어동 문현지구 70B10N,both
713,전하점,울산광역시,동구,울산광역시 동구 전하동 618-8,both
714,남원노암점,전라북도,남원시,"전라북도 남원시 노암동 260, 한신아파트상가 102호",both
715,인월점,전라북도,남원시,전라북도 남원시 인월면 인월리 249-16,both
716,남원점,제주특별자치도,서귀포시,제주특별자치도 서귀포시 남원읍 남원리 100-1,both
717,모슬포점,제주특별자치도,서귀포시,제주특별자치도 서귀포시 대정읍 상모대서로 25,both
718,서귀동문점,제주특별자치도,서귀포시,제주특별자치도 서귀포시 서문로29번길 18,both
719,성산점,제주특별자치도,서귀포시,제주특별자치도 서귀포시 성산읍 178-3,both
720,신시가지점,제주특별자치도,서귀포시,제주특별자치도 서귀포시 김정문화로 66(법환동),both
721,위미점,제주특별자치도,서귀포시,제주특별자치도 서귀포시 남원읍 위미리 1759-2,both
722,중문점,제주특별자치도,서귀포시,제주특별자치도 서귀포시 천제연로185번 3-1,both
723,표선점,제주특별자치도,서귀포시,제주특별자치도 서귀포시 표선면 표선리 839-7,both
724,효돈점,제주특별자치도,서귀포시,제주특별자치도 서귀포시 하효동 142-1,both
725,남창점,울산광역시,울주군,울산광역시 울주군 온양읍 대안리 411-4,both
726,범서점,울산광역시,울주군,울산광역시 울주군 범서읍 점촌5길 37,both
727,봉계점,울산광역시,울주군,울산광역시 울주군 두동면 계명1길 39(1층),both
728,언양점,울산광역시,울주군,울산광역시 울주군 언양읍 읍성로 40,both
729,진하점,울산광역시,울주군,울산광역시 울주군 서생면 깨목길 28,both
730,남해대교점,경상남도,남해군,경상남도 남해군 설천면 노량로 197,both
731,남해점,경상남도,남해군,경상남도 남해군 남해읍 서변리 149-1,both
732,내면점,강원도,홍천군,강원도 홍천군 내면읍 창촌로 48,both
733,서석점,강원도,홍천군,강원도 홍천군 서석면 구룡령로 2525,both
734,양덕원점,강원도,홍천군,강원도 홍천군 남면 시동로 4,both
735,연봉점,강원도,홍천군,강원도 홍천군 홍천읍 무궁화로 88,both
736,학다리점,강원도,홍천군,강원도 홍천군  홍천읍 꽃뫼로 120,both
737,노량진2동점,서울특별시,동작구,서울특별시 동작구 노량진2동 306-5,both
738,대방동점,서울특별시,동작구,서울특별시 동작구 대방동 23-128,both
739,사당4점,서울특별시,동작구,서울특별시 동작구 사당동 1033-23,both
740,상도4동점,서울특별시,동작구,서울특별시 동작구 상도4동 210-8,both
741,상도동점,서울특별시,동작구,서울특별시 동작구 상도동 22-107 102,both
742,총신대점,서울특별시,동작구,서울특별시 동작구 사당5동 213-7,both
743,흑석동점,서울특별시,동작구,서울특별시 동작구 흑석동 96-3,both
744,노학점,강원도,속초시,강원도 속초시 교동로  55(교동),both
745,동명동점,강원도,속초시,강원도 속초시 번영로105번길 19(동명동),both
746,설악동점,강원도,속초시,강원도 속초시 청봉로 77 (설악동),both
747,조양동점,강원도,속초시,강원도 속초시 동해대로 3998(조양동),both
748,농암점,경상북도,문경시,경상북도 문경시 농암면 청암2길 10,both
749,문경점,경상북도,문경시,경상북도 문경시 문경읍 주흘로 29,both
750,능주점,전라남도,화순군,전라남도 화순군 능주면 죽수길50,both
751,화순점,전라남도,화순군,전라남도 화순군 화순읍 광덕로 142,both
752,다인점,경상북도,의성군,경상북도 의성군 다인면 서릉길 59,both
753,달동1점,울산광역시,남구,울산광역시 남구 달동 1329-9,both
754,달동2점,울산광역시,남구,"울산광역시 남구 번영로107번길 3, 203(달동, 주공아파트)",both
755,무거1점,울산광역시,남구,울산광역시 남구 신복로23번길 15(무거동),both
756,울산신정1점,울산광역시,남구,울산광역시 남구 봉월로164번길 4,both
757,달천점,울산광역시,북구,울산광역시 북구 달천로 103-19(달천아이파크 2차상가 100동 B109호),both
758,양정염포점,울산광역시,북구,울산광역시 북구 염포로 591-1(양정동),both
759,호계매곡점,울산광역시,북구,울산광역시 북구 호계동 255-9,both
760,화봉.연암점,울산광역시,북구,울산광역시 북구 송내1길 18(화봉동),both
761,답십리점,서울특별시,동대문구,"서울특별시 동대문구 전농로3길 52-2, 1층(답십리동)",both
762,청량리점,서울특별시,동대문구,"서울특별시 동대문구 왕산로 247, 1층(청량리동)",both
763,당북점,경상북도,안동시,경상북도 안동시 대안로 65-2,both
764,당산동점,서울특별시,영등포구,서울특별시 영등포구 영등포동8가 29-2,both
765,대림점,서울특별시,영등포구,서울특별시 영등포구 대림로34길 14-1,both
766,신길2점,서울특별시,영등포구,서울특별시 영등포구 신길동 451-1,both
767,신풍시장점,서울특별시,영등포구,서울특별시 영등포구 신길3동 325-96,both
768,여의도점,서울특별시,영등포구,"서울특별시 영등포구 여의나루로 117, 109(여의도동)",both
769,영등포점,서울특별시,영등포구,서울특별시 영등포구 당산동3가 27,both
770,대강점,충청북도,단양군,충청북도 단양군 대강면 대강로 59-1,both
771,대고점,대전광역시,중구,"대전광역시 중구 테미로 31-1(대흥동, 1층)",both
772,문화점,대전광역시,중구,대전광역시 중구 문화동 788 상가 107호,both
773,선화점,대전광역시,중구,대전광역시 중구 은행동 1-1,both
774,옥계점(대전),대전광역시,중구,대전광역시 중구 대종로 59(옥계동),both
775,유천2점,대전광역시,중구,대전광역시 중구 유천동 127-7,both
776,유천점,대전광역시,중구,대전광역시 중구 유천동 285-19,both
777,중촌점,대전광역시,중구,대전광역시 중구 목중로39번길 21,both
778,태평2점,대전광역시,중구,대전광역시 중구 태평동 334-7,both
779,대구고성점,대구광역시,서구,대구광역시 서구 원대로13길 16,both
780,대구서문점,대구광역시,서구,대구광역시 서구 비산동 280-8,both
781,비산점,대구광역시,서구,대구광역시 서구 평리동 791-24,both
782,비산B점,대구광역시,서구,대구광역시 서구 비산1동 723-1,both
783,중리점,대구광역시,서구,대구광역시 서구 국채보상로38길 57-1,both
784,평리점,대구광역시,서구,대구광역시 서구 평리동 618-1,both
785,황제점,대구광역시,서구,대구광역시 서구 내당동 69-26,both
786,대구남산점,대구광역시,중구,대구광역시 중구 남산로2길 13(남산동),both
787,대봉점,대구광역시,중구,대구광역시 중구 대봉동 121-241,both
788,동인점,대구광역시,중구,대구광역시 중구 동인동3가 238-2,both
789,대구상동점,대구광역시,수성구,대구광역시 수성구 중동 502-3,both
790,대구지산점,대구광역시,수성구,대구광역시 수성구 지산동 1234 지산단지114-4,both
791,만촌점,대구광역시,수성구,대구광역시 수성구 만촌동 963-4,both
792,범어B점,대구광역시,수성구,대구광역시 수성구 동대구로77길 24,both
793,수성점,대구광역시,수성구,대구광역시 수성구 수성동1가 82-2,both
794,신매점,대구광역시,수성구,대구광역시 수성구 신매동 599-15,both
795,파동점,대구광역시,수성구,대구광역시 수성구 파동 199-22 1층,both
796,대조동점,서울특별시,은평구,서울특별시 은평구 역말로9길 40-1. 1층(대조동),both
797,불광동점,서울특별시,은평구,서울특별시 은평구 불광로 192,both
798,신사동점,서울특별시,은평구,서울특별시 은평구 갈현로3길 33-8.1층,both
799,은평구청점,서울특별시,은평구,서울특별시 은평구 은평로 200(응암동),both
800,응암1점,서울특별시,은평구,서울특별시 은평구 응암동 124-17,both
801,증산동점,서울특별시,은평구,서울특별시 은평구 증산동 159-14,both
802,대천해수욕장점,충청남도,보령시,충청남도 보령시 해수욕장4길 68(신흑동),both
803,동대동점,충청남도,보령시,충청남도 보령시 작은오랏2길 60-6,both
804,보령웅천점,충청남도,보령시,충청남도 보령시 웅천읍 충서로 872,both
805,죽정점,충청남도,보령시,충청남도 보령시 죽정동 646-9,both
806,천북점,충청남도,보령시,충청남도 보령시 천북면 하궁길 2,both
807,청라점,충청남도,보령시,충청남도 보령시 청라면 당안길1,both
808,대학로점,강원도,삼척시,강원도 삼척시 대학로 45(당저동),both
809,대화점(강원),강원도,평창군,강원도 평창군 대화면 대화3길 46,both
810,봉평점,강원도,평창군,강원도 평창군 봉평면 기풍3길 28,both
811,진부점,강원도,평창군,강원도 평창군  진부면 진부중앙로 70,both
812,평창점(강원),강원도,평창군,강원도 평창군 평창읍 평창중앙로 84,both
813,덕풍동점,경기도,하남시,"경기도 하남시 신장동 430-7 성원쌍떼빌 104호, 105호",both
814,신장동점,경기도,하남시,경기도 하남시 신장동 443-21,both
815,하남신도시점,경기도,하남시,경기도 하남시 신장2동 528 현대A 116-115,both
816,도고점,충청남도,아산시,충청남도 아산시 도고면 신언리 96-10,both
817,모산점,충청남도,아산시,충청남도 아산시 배방면 공수리 63-24,both
818,송악점,충청남도,아산시,충청남도 아산시 송악면 외암리 595-104,both
819,신창점,충청남도,아산시,충청남도 아산시 신창면 서부남로 868,both
820,아산풍기점,충청남도,아산시,충청남도 아산시 어의정로 184,both
821,온양1점,충청남도,아산시,충청남도 아산시 충무로 20번길 20,both
822,용화점,충청남도,아산시,"충청남도 아산시 용화동 694, 101호",both
823,음봉점,충청남도,아산시,충청남도 아산시 음봉면 산동안길 10,both
824,초원점,충청남도,아산시,충청남도 아산시 좌부동 84 초원상가 103,both
825,탕정점,충청남도,아산시,충청남도 아산시 탕정면 탕정면로 230-11,both
826,테크노점(아산),충청남도,아산시,충청남도 아산시 둔포면 석곡리 1520 아산테크노빌딩 102,both
827,도련점,제주특별자치도,제주시,"제주특별자치도 제주시 삼봉로 115, 미듬하나로맨션상가 103",both
828,신제주점,제주특별자치도,제주시,제주특별자치도 제주시 신대로 124(연동),both
829,아라점,제주특별자치도,제주시,제주특별자치도 제주시 인다12길 1 아라주공아파트 상가 106호,both
830,애월점,제주특별자치도,제주시,제주특별자치도 제주시 애월읍 애월리 1717-6,both
831,연동점,제주특별자치도,제주시,제주특별자치도 제주시 연동 251-23,both
832,이도점,제주특별자치도,제주시,"제주특별자치도 제주시 도남로15길 4-12, 101(도남동)",both
833,일도점,제주특별자치도,제주시,제주특별자치도 제주시 천수로 25-1,both
834,제주동문점,제주특별자치도,제주시,제주특별자치도 제주시 일도1동 1084-13,both
835,조천점,제주특별자치도,제주시,제주특별자치도 제주시 조천읍  조천리 2589,both
836,한림점,제주특별자치도,제주시,제주특별자치도 제주시 한림읍 한림중앙로 3-1,both
837,함덕점,제주특별자치도,제주시,제주특별자치도 제주시 초천읍 평사길 4-3,both
838,도봉점,서울특별시,도봉구,"서울특별시 도봉구 도봉로164길 10(도봉동, 1층)",both
839,쌍문동점,서울특별시,도봉구,서울특별시 도봉구 쌍문동 56 삼익A 상가 107,both
840,창동역점,서울특별시,도봉구,서울특별시 도봉구 창동 135-14 1층 103,both
841,독립문점,서울특별시,종로구,서울특별시 종로구 통일로 222(교북동),both
842,세검정점,서울특별시,종로구,서울특별시 종로구 평창동 285-2,both
843,신설동점,서울특별시,종로구,서울특별시 종로구 숭인2동 699,both
844,이화동점,서울특별시,종로구,서울특별시 종로구 대학로 52(연건동),both
845,종로낙원점,서울특별시,종로구,서울특별시 종로구 낙원동 49,both
846,창신동점,서울특별시,종로구,"서울특별시 종로구 지봉로5길 12, 1층(창신동)",both
847,독산1점,서울특별시,금천구,"서울특별시 금천구 가산로 80-2, 지상1층(독산동)",both
848,독산3점,서울특별시,금천구,서울특별시 금천구 독산로 319,both
849,서울지사,서울특별시,금천구,서울특별시 금천구 시흥동 985-14,both
850,시흥공구점,서울특별시,금천구,서울특별시 금천구 시흥동 941-1,both
851,시흥사거리점,서울특별시,금천구,서울특별시 금천구 시흥1동 995-10 1층,both
852,은행나무점,서울특별시,금천구,서울특별시 금천구 탑골로 17,both
853,동두천역전점,경기도,동두천시,경기도 동두천시 어수로 92,both
854,동두천터미널점,경기도,동두천시,경기도 동두천시 중앙로265번길 15(생연동),both
855,송내점,경기도,동두천시,경기도 동두천시 거북마루24    103호,both
856,동삼점,부산광역시,영도구,부산광역시 영도구 태종로 688-2(동삼동),both
857,신선점,부산광역시,영도구,부산광역시 영도구 하나길 614,both
858,동송점,강원도,철원군,강원도 철원군 동송읍 금학로 232,both
859,신수리점,강원도,철원군,강원도 철원군 서면 자등로 593,both
860,와수리점,강원도,철원군,강원도 철원군 서면 와수리 168-1,both
861,지경리점,강원도,철원군,강원도 철원군 김화읍 청양로84,both
862,동해점,강원도,동해시,강원도 동해시 천곡2길 4(천곡동),both
863,망상점,강원도,동해시,"강원도 동해시  동해대로 6270-16, 1층 111호(망상동)",both
864,묵호점,강원도,동해시,"강원도 동해시 발한로 137(발한동, 가동)",both
865,북평점,강원도,동해시,강원도 동해시 대동로 131(북평동),both
866,송정점,강원도,동해시,"강원도 동해시 동해항2길 5, 7/2(송정동)",both
867,효가리점,강원도,동해시,"강원도 동해시 청운로 71(쇄운동, 104)",both
868,두구동점,부산광역시,금정구,부산광역시 금정구 두구동 230-3,both
869,서3점,부산광역시,금정구,부산광역시 금정구 서동 203-6,both
870,두정2점,충청남도,천안시,"충청남도 천안시서북구 부성6길 23(두정동, 중앙프라자상가105호)",both
871,두정점,충청남도,천안시,충청남도 천안시서북구 두정역서1길 13,both
872,병천점,충청남도,천안시,충청남도 천안시동남구 병천면 병천리 157-17,both
873,불당점,충청남도,천안시,충청남도 천안시서북구 불당동 1124,both
874,성거점,충청남도,천안시,충청남도 천안시서북구 성거읍 성거길 90,both
875,성정2점,충청남도,천안시,충청남도 천안시서북구 성정동 서부11길 27,both
876,성정점,충청남도,천안시,충청남도 천안시서북구 성정로 141,both
877,성환점,충청남도,천안시,충청남도 천안시서북구 성환읍 성환리 345-3,both
878,신계점,충청남도,천안시,충청남도 천안시동남구 목천읍 충철로 874 협성엠파이어아파트 상가 106~107호,both
879,신부점,충청남도,천안시,충청남도 천안시동남구 터미널7길 26,both
880,안서점,충청남도,천안시,충청남도 천안시동남구 중암1길 17,both
881,용곡점,충청남도,천안시,충청남도 천안시동남구 용곡동 583,both
882,우성점,충청남도,천안시,충청남도 천안시서북구 직산읍 자은가리1길 68  ,both
883,원앙마을점,충청남도,천안시,충청남도 천안시동남구 목천읍 삼성리 9-9 부영A상가 110,both
884,월봉점,충청남도,천안시,충청남도 천안시서북구 월봉로 79,both
885,이수점,충청남도,천안시,충청남도 천안시서북구 백석동 433-3,both
886,직산부영점,충청남도,천안시,충청남도 천안시서북구 직산읍 군수1길 10 부영아파트상가 107호,both
887,직산점,충청남도,천안시,충청남도 천안시서북구 직산읍 삼은리 76-177,both
888,천안3점,충청남도,천안시,충청남도 천안시동남구 봉정로 18,both
889,천안4점,충청남도,천안시,충청남도 천안시동남구 오룡동 63-12,both
890,천안7단지점,충청남도,천안시,"충청남도 천안시서북구 쌍용11길 57 109(쌍용동, 주공아파트 7단지상가)",both
891,천안백석점,충청남도,천안시,충청남도 천안시서북구 백석5길 23-1(백석동),both
892,천안신당점,충청남도,천안시,충청남도 천안시서북구 신당동 271-9,both
893,천안신방점,충청남도,천안시,충청남도 천안시동남구 서부대로 피오레상가103 ,both
894,천안청룡점,충청남도,천안시,충청남도 천안시동남구   구성2길 1(구성동),both
895,청당점,충청남도,천안시,"충청남도 천안시동남구 청수10길 12, 101",both
896,둔덕점,전라남도,여수시,전라남도 여수시 만성로 18,both
897,마송점,경기도,김포시,경기도 김포시 통진읍 조강로 49,both
898,북변점,경기도,김포시,경기도 김포시 북변동 688 대우아파트상가 111호,both
899,사우지구점,경기도,김포시,경기도 김포시 북변동 832 영풍아파트상가 104,both
900,양곡1점,경기도,김포시,경기도 김포시 양촌읍 양곡2로60번길 53 101호,both
901,장기월드점,경기도,김포시,"경기도 김포시 전원로 32, 116호(장기동, 월드상가)",both
902,풍무2점,경기도,김포시,"경기도 김포시 풍무로 51, 101(풍무동)",both
903,하성점,경기도,김포시,경기도 김포시 하성면 애기봉로806번길 67,both
904,마천1점,서울특별시,송파구,서울특별시 송파구 마천로61길 9(마천동),both
905,문정점,서울특별시,송파구,"서울특별시 송파구 송이로33길 6-17(문정동, 지상1층)",both
906,방이2점,서울특별시,송파구,서울특별시 송파구 방이동 159-16,both
907,선수촌점,서울특별시,송파구,서울특별시 송파구 잠실7동 85-1 아시아선수촌상가내,both
908,잠실새마을점,서울특별시,송파구,"서울특별시 송파구 백제고분로7길 39, 1층 106호(잠실동,고려빌딩)",both
909,장미점,서울특별시,송파구,서울특별시 송파구 신천동 7 장미 B-202,both
910,풍납점,서울특별시,송파구,서울특별시 송파구 풍성로 24(풍납동),both
911,훼미리점,서울특별시,송파구,"서울특별시 송파구 중대로 24(문정동, 훼미리상가125호)",both
912,망우동점,서울특별시,중랑구,서울특별시 중랑구 망우3동 444-26,both
913,면목1점,서울특별시,중랑구,"서울특별시 중랑구 면목천로19길 16, 1층(면목동)",both
914,묵동점,서울특별시,중랑구,"서울특별시 중랑구 중랑역로 150, 108호(묵동,우성상가)",both
915,상봉동점,서울특별시,중랑구,서울특별시 중랑구 봉우재로 161(상봉동),both
916,신내동점,서울특별시,중랑구,"서울특별시 중랑구 봉화산로 236(신내동, 102호)",both
917,명곡점,대구광역시,달성군,대구광역시 달성군 화원읍 설화리 779-1,both
918,테크노점(대구),대구광역시,달성군,대구광역시 달성군 유가면 테크노상업로 98,both
919,화원점,대구광역시,달성군,"대구광역시 달성군 화원읍 화원로2길, 27",both
920,명보점,충청북도,제천시,충청북도 제천시 용두천로 112(남천동),both
921,장락고암점,충청북도,제천시,충청북도 제천시 신죽하로 83-24(장락동),both
922,제천역전점,충청북도,제천시,충청북도 제천시 내토로 435-1,both
923,청풍점,충청북도,제천시,"충청북도 제천시 청풍면 청풍호로58번길, 10-16",both
924,하소동점,충청북도,제천시,충청북도 제천시 용두대로21길 9(하소동),both
925,명지점,부산광역시,강서구,부산광역시 강서구 명지오션시티10 16 ,both
926,목동1점,서울특별시,양천구,서울특별시 양천구 목4동 772-12,both
927,목동3점,서울특별시,양천구,"서울특별시 양천구 목동동로 50 A-111(신정동, 목동아파트)",both
928,목동시장점,서울특별시,양천구,서울특별시 양천구 목동중앙남로10 7,both
929,신월4점,서울특별시,양천구,서울특별시 양천구 신월4동 447-4,both
930,신월7점,서울특별시,양천구,서울특별시 양천구 신월7동 952-1 대지상가 105,both
931,신정1점,서울특별시,양천구,"서울특별시 양천구 중앙로32길 55, 1층 101호 (신정동)",both
932,신정2점,서울특별시,양천구,"서울특별시 양천구 신목로2길 11, 1층 103호 (신정동,청구아파트상가)",both
933,목상석봉점,대전광역시,대덕구,"대전광역시 대덕구 대덕대로1454 11-6(목상동,1층)",both
934,법1동점,대전광역시,대덕구,대전광역시 대덕구 법동 281 삼정하이츠@상가 1층,both
935,법2동점,대전광역시,대덕구,대전광역시 대덕구 법동 206-6,both
936,송촌점,대전광역시,대덕구,대전광역시 대덕구 송촌동 222-12,both
937,신대점,대전광역시,대덕구,대전광역시 대덕구 신대동 216번지,both
938,신탄3점,대전광역시,대덕구,대전광역시 대덕구 신탄진동 18-8,both
939,용전점,대전광역시,대덕구,대전광역시 대덕구 중리동 246-25,both
940,중리점(대전),대전광역시,대덕구,대전광역시 대덕구 중리남로 20,both
941,무주점,전라북도,무주군,전라북도 무주군 무주읍 읍내리 249-6,both
942,무지개점,경기도,성남시,"경기도 성남시분당구 구미동 211, 무지개마을 106",both
943,미금점,경기도,성남시,경기도 성남시분당구 미금일로 55 상가동108호,both
944,분당동점,경기도,성남시,경기도 성남시분당구 분당동 39 샛별마을 삼부아파트상가 -101 1호,both
945,상대원1점,경기도,성남시,경기도 성남시중원구 박석로62번길 1(상대원동),both
946,서현점,경기도,성남시,경기도 성남시분당구 서현동 311 효자촌주상복합 604-110,both
947,성남점,경기도,성남시,경기도 성남시중원구 성남동 4149,both
948,신흥2점,경기도,성남시,"경기도 성남시수정구 수정로220번길 5, 1층 일부호(신흥동)",both
949,야탑점,경기도,성남시,"경기도 성남시분당구 야탑로139번길 18-3 (야탑동,1층)",both
950,위례신도시점,경기도,성남시,"경기도 성남시수정구 위례서일로3길 31, 101호(창곡동)",both
951,은행점,경기도,성남시,경기도 성남시중원구 산성대로582번 14. 1층(은행동),both
952,이매점,경기도,성남시,경기도 성남시분당구 이매로 54 이매촌분산상가 101호,both
953,정자점,경기도,성남시,"경기도 성남시분당구 황새울로116번 28, 1층(정자동)",both
954,중탑점,경기도,성남시,경기도 성남시분당구 양현로 539. 매화근린상가1층 104,both
955,"태평1,3동점",경기도,성남시,"경기도 성남시수정구 남문로 14(태평동, 1층)",both
956,"태평2,4동점",경기도,성남시,"경기도 성남시수정구 남문로102번길 1(태평동, 1층)",both
957,하대원점,경기도,성남시,"경기도 성남시중원구 마지로155번길 25-7(하대원동,1층)",both
958,한솔점,경기도,성남시,"경기도 성남시분당구 정자로 113, 한솔마을5단지상가101호(정자동)",both
959,문학점,인천광역시,남구,"인천광역시 남구 승학길 4(문학동, 101호)",left_only
960,용현2호점,인천광역시,남구,인천광역시 남구 낙섬중로 11(용현동),left_only
961,제물포점,인천광역시,남구,인천광역시 남구 장천로112번길 10 1층,left_only
962,주안2동점,인천광역시,남구,인천광역시 남구 주안2동 551-26,left_only
963,주안점,인천광역시,남구,인천광역시 남구 염창로 84-3,left_only
964,주원점,인천광역시,남구,인천광역시 남구 주안동 1593-34,left_only
965,미아점,서울특별시,강북구,서울특별시 강북구 도봉로29길 10 1층,both
966,번동점,서울특별시,강북구,서울특별시 강북구 번3동 307 1층 5호,both
967,삼양동점,서울특별시,강북구,서울특별시 강북구 미아동 833-12,both
968,수유점,서울특별시,강북구,"서울특별시 강북구 노해로11길 42, 1층(수유동)",both
969,반구점,울산광역시,중구,울산광역시 중구 반구동 101-8,both
970,병영점,울산광역시,중구,울산광역시 중구 병영로 80,both
971,성남점(울산),울산광역시,중구,울산광역시 중구 성남동 57-2 2F,both
972,반송2점,부산광역시,해운대구,부산광역시 해운대구 반송동 62-340,both
973,반여점,부산광역시,해운대구,부산광역시 해운대구 선수촌로 207번가길 67,both
974,부산송정점,부산광역시,해운대구,부산광역시 해운대구 송정중앙로 15-1,both
975,해운대점,부산광역시,해운대구,부산광역시 해운대구 우동 541-5 해운대비치오피스텔 101,both
976,해운대좌동주공2,부산광역시,해운대구,부산광역시 해운대구 좌동순환로 118 주공2단지 분산상가 나-105,both
977,백련시장점,서울특별시,서대문구,서울특별시 서대문구 남가좌2동 347-1,both
978,북가좌1점,서울특별시,서대문구,"서울특별시 서대문구 증가로20길 80, 1층(북가좌동)",both
979,북가좌2점,서울특별시,서대문구,서울특별시 서대문구 북가좌2동 107-1 1층,both
980,영천시장점,서울특별시,서대문구,서울특별시 서대문구 천연동 1 냉천동 190,both
981,홍은1점,서울특별시,서대문구,서울특별시 서대문구 홍은2동 9-56 1층,both
982,홍은동점,서울특별시,서대문구,서울특별시 서대문구 홍은동 427-4,both
983,백암점,경상북도,울진군,경상북도 울진군 온정면 소태리 933,both
984,죽변점,경상북도,울진군,경상북도 울진군 죽변면 죽변북로 59,both
985,백양사점,전라남도,장성군,전라남도 장성군 북하면 백양로 904,both
986,백천점,경상북도,경산시,경상북도 경산시 백천동 573-1 108,both
987,옥산점,경상북도,경산시,경상북도 경산시 성암로 10길 2-12(옥산동),both
988,진량점,경상북도,경산시,경상북도 경산시 진량읍 황제리 70-1 창신황제상가 203,both
989,보광2점,서울특별시,용산구,"서울특별시 용산구 장문로6길 101, 지상1층(동빙고동 1-9)",both
990,해방촌점,서울특별시,용산구,서울특별시 용산구 용산동2가 1-46,both
991,복창점,경기도,평택시,경기도 평택시 신서로 32-1,both
992,서정점,경기도,평택시,경기도 평택시 서정동 288-15,both
993,안중점,경기도,평택시,경기도 평택시 안중읍 안현로서7길 16,both
994,오성점,경기도,평택시,경기도 평택시 오성면 숙성리 137-7,both
995,주공1점,경기도,평택시,경기도 평택시 평택2로 108 (비전동),both
996,참이슬점,경기도,평택시,경기도 평택시 참이슬길 16,both
997,팽성점,경기도,평택시,"경기도 평택시 팽성읍 안정쇼핑로 77-2, 12",both
998,평택1점,경기도,평택시,"경기도 평택시 중앙로 19(통복동, 2층)",both
999,평택지산점,경기도,평택시,경기도 평택시 지산동 1130,both
1000,포승점,경기도,평택시,경기도 평택시 포승읍 석정리 1257-13 1층 3,both
1001,하북점,경기도,평택시,경기도 평택시 진위면 하북4길 3,both
1002,합정점,경기도,평택시,경기도 평택시 합정동 773-1,both
1003,봉동점,전라북도,완주군,전라북도 완주군 봉동읍 장기리 214-1,both
1004,봉화점,경상북도,봉화군,경상북도 봉화군 봉화읍 내성리 236-17,both
1005,부강점,세종특별자치시,세종시,세종특별자치시   부강면 부강2길 11,both
1006,서면점(충남),세종특별자치시,세종시,세종특별자치시   연서면 당산로 286 대원네스트빌@상가101,both
1007,세종청사점,세종특별자치시,세종시,"세종특별자치시   갈매로 479, 101(어진동, 상가동지하1층)",both
1008,조치원2점,세종특별자치시,세종시,세종특별자치시   조치원읍 조치원로 52,both
1009,조치원3점,세종특별자치시,세종시,세종특별자치시   조치원읍 충현로 159 욱일@상가B07호,both
1010,한솔새롬점,세종특별자치시,세종시,세종특별자치시   새롬북로 13 상가3동 지하1층 130호(새롬동),both
1011,부곡온천점,경상남도,창녕군,경상남도 창녕군 부곡면 온천중앙로 47,both
1012,창녕점,경상남도,창녕군,경상남도 창녕군 창녕읍 명덕로 48,both
1013,부산신평점,부산광역시,사하구,부산광역시 사하구 다대로142번길 130(신평동),both
1014,장림점,부산광역시,사하구,부산광역시 사하구 장림동 641-180,both
1015,부송점,전라북도,익산시,전라북도 익산시 부송1로 65,both
1016,어양점,전라북도,익산시,전라북도 익산시 고봉로18길 107(어양동),both
1017,부여점,충청남도,부여군,충청남도 부여군 부여읍 성왕로 173번길 12,both
1018,북삼점,경상북도,칠곡군,경상북도 칠곡군 북삼읍 평원2길 15,both
1019,석적점,경상북도,칠곡군,경상북도 칠곡군 석적읍 북중리 11길 28,both
1020,약목점,경상북도,칠곡군,경상북도 칠곡군 약목면 약목로 94-2(2층 건물내 1층),both
1021,왜관점,경상북도,칠곡군,경상북도 칠곡군 왜관읍 구상길 180-1 삼성A104,both
1022,비인점,충청남도,서천군,충청남도 서천군 비인면 성내리 338-5,both
1023,서천점,충청남도,서천군,충청남도 서천군 서천읍 군사리 715-2,both
1024,장항점,충청남도,서천군,충청남도 서천군 장항읍 장항로 125-1,both
1025,사직점,부산광역시,동래구,부산광역시 동래구 사직동 19-45,both
1026,사창리점,강원도,화천군,강원도 화천군 사내면 사내로 47-1,both
1027,삼환대우점,인천광역시,연수구,인천광역시 연수구 원인재로 124,both
1028,센트럴파크점,인천광역시,연수구,인천광역시 연수구 컨벤시아대로 50,both
1029,송도럭키점,인천광역시,연수구,인천광역시 연수구 옥련동 626 럭키아파트 일반상가 103호,both
1030,송도신도시점,인천광역시,연수구,"인천광역시 연수구 해돋이로6번길 33, 한진해모로상가 105호",both
1031,송도점,인천광역시,연수구,인천광역시 연수구 비류대로 216 1층4호,both
1032,연수3점,인천광역시,연수구,인천광역시 연수구 연수동 540 문남상가 107호,both
1033,연수5점,인천광역시,연수구,"인천광역시 연수구 먼우금로 126, 107호(동춘동, 대림현대)",both
1034,연수6점,인천광역시,연수구,"인천광역시 연수구 샘말로 106-7(연수동, 1층 일부)",both
1035,연수주공점,인천광역시,연수구,인천광역시 연수구 연수동 533 연수상가 103호,both
1036,상동점,전라북도,정읍시,전라북도 정읍시 상동 265-1(충정로 37),both
1037,신태인점,전라북도,정읍시,전라북도 정읍시 신태인읍 신태인중앙로 7,both
1038,서부점,경상남도,창원시,경상남도 창원시진해구   충장로 100,both
1039,양덕합성점,경상남도,창원시,경상남도 창원시마산회원구 합성동 733-3,both
1040,용원점,경상남도,창원시,경상남도 창원시진해구 용재로29번길 5-17,both
1041,합포점,경상남도,창원시,경상남도 창원시마산합포구 장군동4가 24-6,both
1042,회원교방점,경상남도,창원시,경상남도 창원시마산회원구 회원남로 39-1,both
1043,서상점,경상남도,함양군,경상남도 함양군 서상면 서상로 290-2,both
1044,안의점,경상남도,함양군,경상남도 함양군 안의면 금천리 203-4,both
1045,함양점,경상남도,함양군,경상남도 함양군 함양읍 용평리 702-12,both
1046,성주점(경북),경상북도,성주군,경상북도 성주군 월항면  주산로 397,both
1047,송림점,인천광역시,동구,인천광역시 동구 샛골로161번길 25,both
1048,송월점,인천광역시,중구,인천광역시 중구 송월동1가 11-128,both
1049,신공항점,인천광역시,중구,인천광역시 중구 영종대로27번길 41,both
1050,신반점,경상남도,의령군,경상남도 의령군 부림면 신번로 164,both
1051,신항점,충청남도,태안군,충청남도 태안군 근흥면 신진도리 527-8,both
1052,안면점,충청남도,태안군,충청남도 태안군 안면읍 장터로 114,both
1053,원북점,충청남도,태안군,충청남도 태안군 원북면 원이로 837,both
1054,태안점,충청남도,태안군,충청남도 태안군 태안읍 시장2길 42,both
1055,안흥점,강원도,횡성군,강원도 횡성군 안흥면 안흥길 37-1,both
1056,우천점,강원도,횡성군,강원도 횡성군 우천면 수남로 333,both
1057,횡성점,강원도,횡성군,강원도 횡성군 횡성읍 태기로 35,both
1058,횡성중앙점,강원도,횡성군,"강원도 횡성군 횡성읍 문정로19번길, 13-3",both
1059,약수역점,서울특별시,중구,서울특별시 중구 신당동 321-1 1층,both
1060,양문점,경기도,포천시,경기도 포천시 영중면 양문로 98-1,both
1061,운천점,경기도,포천시,경기도 포천시 영북면 운천로 10,both
1062,운천한화점,경기도,포천시,경기도 포천시 영북면 산정리 454-4,both
1063,이동점,경기도,포천시,경기도 포천시 이동면 화동로 2105,both
1064,일동점,경기도,포천시,경기도 포천시 일동면 회동로 1073,both
1065,초가점,경기도,포천시,경기도 포천시 소흘읍 검바위길 84,both
1066,포천점,경기도,포천시,경기도 포천시 중앙로 184,both
1067,엄사금암점,충청남도,계룡시,충청남도 계룡시 엄사면 번영2길 4-41 101,both
1068,영광점,전라남도,영광군,전라남도 영광군 영광읍 남천리 312-2,both
1069,영월삼호점,강원도,영월군,강원도 영월군 영월읍 단종로 88,both
1070,영월점,강원도,영월군,강원도 영월군 영월읍 하송안길 114,both
1071,주천점,강원도,영월군,강원도 영월군 주천면   주천로 88-1,both
1072,예천점,경상북도,예천군,경상북도 예천군 예천읍 남본리 222-2번지,both
1073,옥천점(충북),충청북도,옥천군,충청북도 옥천군 옥천읍 금구리 24-6,both
1074,이원점,충청북도,옥천군,충청북도 옥천군 이원면 강청리 82-6,both
1075,옥포1점,경상남도,거제시,경상남도 거제시 옥포로 282,both
1076,장평점,경상남도,거제시,"경상남도 거제시 장평3로7길 58(장평동, 1층)",both
1077,용현1호점,인천광역시,미추홀구,인천광역시 미추홀구 인주대로174번  36,both
1078,학익점,인천광역시,미추홀구,인천광역시 미추홀구 한나루로 425  1층,both
1079,문학점,인천광역시,미추홀구,"인천광역시 남구 승학길 4(문학동, 101호)",both
1080,용현2호점,인천광역시,미추홀구,인천광역시 남구 낙섬중로 11(용현동),both
1081,제물포점,인천광역시,미추홀구,인천광역시 남구 장천로112번길 10 1층,both
1082,주안2동점,인천광역시,미추홀구,인천광역시 남구 주안2동 551-26,both
1083,주안점,인천광역시,미추홀구,인천광역시 남구 염창로 84-3,both
1084,주원점,인천광역시,미추홀구,인천광역시 남구 주안동 1593-34,both
1085,용호점,부산광역시,남구,"부산광역시 남구 용호로42번길 104(용호동,1층)",both
1086,원주지사,테스트,테스트구,테스트 테스트구 테스트점 23-123,left_only
1087,원통점,강원도,인제군,강원도 인제군 북면 금강로 46,both
1088,인제점,강원도,인제군,강원도 인제군 인제읍 비봉로 3,both
1089,인제현리점,강원도,인제군,강원도 인제군 기린면 기린로 19,both
1090,장계점,전라북도,장수군,전라북도 장수군 장계면 한들로 81,both
1091,장성점,강원도,태백시,강원도 태백시 장성시장1길 3(장성동),both
1092,태백점,강원도,태백시,강원도 태백시 먹거리길  66,both
1093,태백주공점,강원도,태백시,강원도 태백시 감천로 28(황지동),both
1094,장흥관산점,전라남도,장흥군,전라남도 장흥군 관산읍 관산로 119-1,both
1095,장흥점,전라남도,장흥군,전라남도 장흥군 장흥읍 동교3길 8,both
1096,전남금산점,전라남도,고흥군,전라남도 고흥군 금산면 대흥리 360-20,both
1097,정산점,충청남도,청양군,충청남도 청양군 정산면 서정리 168,both
1098,죽림점,경상남도,통영시,"경상남도 통영시 광도면 죽림1로 17-37, 102호(용문빌딩1층)",both
1099,통영1점,경상남도,통영시,"경상남도 통영시 중앙로 255 106호(북신동,동우상가)",both
1100,통영2점,경상남도,통영시,경상남도 통영시 도천동 1021-1 영생상가나동 111호,both
1101,증평점,충청북도,증평군,충청북도 증평군 증평읍 중앙로173,both
1102,지원점,광주광역시,동구,광주광역시 동구 소태동 653-4,both
1103,진도점,전라남도,진도군,전라남도 진도군 진도읍 옥주길 22,both
1104,진보점,경상북도,청송군,경상북도 청송군 진보면 진안리 384-4,both
1105,청도점,경상북도,청도군,경상북도 청도군 청도읍 청화로 202-2,both
1106,초계점,경상남도,합천군,경상남도 합천군 초계면 초계리 89-1,both
1107,초량점,부산광역시,동구,부산광역시 동구 초량중로 49  101호 ,both
1108,추풍령점,충청북도,영동군,충청북도 영동군 추풍령면 신안로 52-1,both
1109,황간점,충청북도,영동군,충청북도 영동군 황간면 남성리 558-1,both
1110,토곡점,부산광역시,연제구,부산광역시 연제구 연산동 410-2,both
1111,하동점,경상남도,하동군,경상남도 하동군 하동읍 읍내리 1283-2,both
1112,함평점,전라남도,함평군,전라남도 함평군 함평읍 광남길 83,both
1113,해남점,전라남도,해남군,전라남도 해남군 해남읍 중앙1로 98,both
